,bipsVp,busincomeVp,c_name,code,epsVp,name,nprtVp,volVp
0,-0.002754615500628109,0.7116900227763019,金融行业,1,0.2329437940254656,平安银行,0.7122880274951396,0.7588756870130157
1,0.334372156755685,0.38693019643345905,房地产,5,0.31050163036930944,世纪星源,0.2844432379575774,0.7926976842404193
2,-0.08350243974538207,0.610072990012647,房地产,6,0.6006153567256054,深振业Ａ,0.6211493466479137,0.9465075138411215
3,0.19915531777102152,0.975867533229068,综合行业,8,0.02245917000866129,神州高铁,0.8903354878348255,0.9773531079014445
4,0.14610958148294065,0.09350141728257623,建筑建材,10,0.36504586693000785,美丽生态,0.33432661793410257,0.1392307598067176
5,-0.3255887197147081,0.3581192358697318,房地产,14,-0.2066579516871798,沙河股份,0.3343776689714632,0.4672652001660538
6,0.8295524555826553,0.970492250925285,纺织行业,18,0.7087523073126412,神州长城,0.9605258107932197,0.8934305677254545
7,0.1414785507396858,0.31847521570687726,食品行业,19,0.08189887556845075,深深宝Ａ,0.3732720555950139,0.9382504784668881
8,0.380618097749687,0.3806109973908327,电子器件,20,0.09842813456674873,深华发Ａ,0.09830994606563914,0.8205052808900002
9,0.3758628061557074,0.5921628196349499,电子信息,21,0.6503010512649463,深科技,0.19596278784308604,0.7975222701833417
10,0.5607102628857193,0.5534725801647868,交通运输,22,0.6213534829867763,深赤湾Ａ,0.2690297840838964,0.5248540494302062
11,-0.5331645427105723,-0.467853879608377,汽车制造,25,0.37614378499253304,特 力Ａ,0.45087667282961885,0.8503266640387132
12,0.4462025258670882,0.7074284259958032,商业百货,26,0.6109656948190538,飞亚达Ａ,0.759026254785055,0.6207189443614988
13,-0.08798467603580008,0.23453165533930292,电力行业,27,0.401532618580021,深圳能源,0.5498397915565066,0.8058078700359185
14,0.9214721582106244,0.953632149610953,商业百货,28,0.9411996239997157,国药一致,0.957071005796462,0.1666729562794257
15,-0.5374637492431348,0.6160816824972469,电子信息,32,-0.26265832059898336,深桑达Ａ,-0.048763267053886436,0.5559984191802894
16,0.09996360000895768,-0.04669882177163391,电力行业,37,0.3774202515769231,深南电A,0.3557791143288937,0.41657258598700564
17,-0.029852547489994323,0.7103521516982343,房地产,42,0.6083872096061449,中洲控股,0.639884108687928,0.7247986806617756
18,0.24809487732888014,0.7642821348391241,房地产,43,0.08565406474578824,中航地产,0.43523016931649017,0.9023701845746102
19,0.34113211366263313,0.561542977700888,纺织行业,45,-0.08481604083767724,深纺织Ａ,-0.11521156158633876,0.6113832762914185
20,0.5794490043181626,0.7067235408280735,房地产,46,0.5624731838351117,泛海控股,0.7270400036263502,0.6864700497524707
21,0.8054067558795972,0.9428832921267994,建筑建材,55,0.7446906175086986,方大集团,0.8581099695980571,0.6365033944402783
22,0.2069789237368789,0.2481227969811215,石油行业,59,0.35107569446670106,华锦股份,0.3779162484474116,0.6025364700365313
23,-0.04556796321677655,0.4295996637703172,有色金属,60,0.5431123902306272,中金岭南,0.24085808303841771,0.6635618281281174
24,-0.23749920760678625,-0.2695140272909465,电子器件,68,0.27298345244017813,华控赛格,0.2652825736810704,0.08642838092702484
25,-0.324159178081408,0.5541425227547476,酒店旅游,69,-0.08480899700486928,华侨城Ａ,0.5261688474794497,0.6123201018368414
26,0.39593990173487453,0.744802964709273,生物制药,78,0.5019980552071305,海王生物,0.7093543265117298,0.7613427844188196
27,0.6962188454160076,-0.07158572783658244,交通运输,88,0.7115630948918235,盐 田 港,0.014211497471006638,0.657888441404065
28,-0.48419667710033143,0.0491460528758826,交通运输,89,0.06211352395182326,深圳机场,0.14044425550014303,0.6943471744477855
29,0.17867093315965143,0.8468491092994327,建筑建材,90,0.1023138397112896,天健集团,0.6426364372771616,0.720745644564034
30,-0.3327257128682007,-0.388742642782961,石油行业,96,0.6730138419598112,广聚能源,0.6427288227476736,0.6733543382248439
31,0.6502345769819824,0.7823136966401327,交通运输,99,0.352340796438333,中信海直,0.4983009272025568,0.8943870241788328
32,0.09745876595698529,0.705122000441978,家电行业,100,0.32102396934537497,TCL 集团,0.7124535833507126,0.7814126258764629
33,0.6545351330074305,0.7925732295758399,医疗器械,150,0.6193867928468777,宜华健康,0.637231599507335,0.374214947566678
34,0.801615414171656,0.9205599802904874,机械行业,157,0.832604969651866,中联重科,0.7650105037631126,0.49308286316107175
35,0.2624611308775207,0.7856374363665873,纺织行业,158,0.698262598479283,常山股份,0.8149336780008708,0.7836274842751632
36,-0.18307633924087263,-0.2278052577857385,综合行业,301,-0.17904919431352725,东方市场,0.10184678956305152,0.7864788889404076
37,0.5905618602629585,0.8123806643120991,发电设备,400,0.5088616930141826,许继电气,0.7786782321150866,0.6332511336691081
38,0.5540714159939455,0.5486784268155498,水泥行业,401,0.4536421462601447,冀东水泥,0.44244206519090856,0.32261407599714464
39,-0.3022101336830006,0.40001303878372474,房地产,402,0.6670018231842566,金 融 街,0.6140158858010487,0.7054335296474739
40,0.6315722150778121,0.6793086086341062,机械行业,404,0.5811644548342768,华意压缩,0.6040257379405672,0.6623703235138373
41,0.2806269717173048,0.7904184553224716,塑料制品,407,0.3613836990784441,胜利股份,-0.08025522515804044,0.8330676260560176
42,0.864484830553917,0.9105943300352847,商业百货,411,0.5029487526806624,英特集团,0.5882416592745563,0.6855816529687463
43,0.49761749338863553,0.9182109662006654,电子器件,413,0.709017453870969,东旭光电,0.9614505180261783,0.8850525978993227
44,0.11347972130355477,0.7228927955414955,金融行业,415,0.29095871939397133,渤海金控,0.78607055008819,0.9011061565288716
45,-0.5619957478008365,-0.6243581945102651,商业百货,416,0.2004095084698176,民生控股,0.14512489629722183,0.44479130744937556
46,0.4885547088229062,0.7385000648391989,商业百货,419,0.15375859150999088,通程控股,0.49318635693260093,0.7735704262411482
47,0.11902753082665374,0.3917602448688463,化纤行业,420,0.0348744952204012,吉林化纤,0.0585128816832977,0.7143631979731794
48,0.48088315773413026,0.5153867979922815,农药化肥,422,0.6523433489872417,湖北宜化,0.4662850209362434,0.4171537928043299
49,0.8200569875557663,0.780118984642409,机械行业,425,0.8993181656453945,徐工机械,0.8295493255552224,0.2124048708844782
50,-0.13719076006724945,0.515009138988868,有色金属,426,0.40374027741174584,兴业矿业,0.3635325592821855,0.8165568069157639
51,-0.22233727565608966,0.47724219793607997,酒店旅游,428,0.5473278039419798,华天酒店,-0.01602145395379059,0.711627743505819
52,-0.2875688336456536,0.26432002079294276,造纸行业,488,0.5584219249469372,晨鸣纸业,0.749259019308402,0.6721899534800672
53,0.11268726825127764,0.6111824775349495,交通运输,507,0.7461329050185663,珠海港,0.26262357605031317,0.7947392582133608
54,-0.17812312280773762,-0.1758121422770092,化工行业,510,-0.25397390891899707,金路集团,-0.26349081767897314,0.7030742935172484
55,0.8756074701981797,0.9343846398323102,生物制药,513,0.7721021471178566,丽珠集团,0.8634421652992029,0.2345318384407508
56,0.17759068324696953,0.1789563906230395,酒店旅游,524,0.10829573754716526,岭南控股,0.11292113112348719,0.7013436897877914
57,0.8459592995426695,0.7867955778402994,机械行业,528,0.7627798018279094,柳 工,0.6872713302504789,0.20794094069841979
58,0.3733434876560795,0.33194641272444897,电力行业,531,0.25515383194958124,穗恒运Ａ,0.7105443370710082,0.9200924544438479
59,0.5735894963297229,0.6387098843523068,家电行业,533,0.5635318141016209,万 家 乐,0.6030787946713076,0.7039204247095788
60,-0.16723166062246533,-0.0995075563239058,房地产,534,0.3761038035885284,万泽股份,0.2945509263780442,0.8383167104416396
61,0.21080449874946267,0.2393046454741431,房地产,537,0.16132317433637103,广宇发展,0.16766273916843433,0.6441789773110629
62,0.9335078471550093,0.9752720056772726,生物制药,538,0.9214768425184323,云南白药,0.9749100562862648,0.7049079471346394
63,0.2093353413356128,0.8470095107598962,房地产,540,0.5802831939878184,中天金融,0.8916475030459565,0.954089069787988
64,-0.09254043734286714,0.2721388322168246,环保行业,544,0.9036577641904754,中原环保,0.7044102739322945,0.5917818193579346
65,0.3728549107254789,0.30834140527815596,水泥行业,546,0.33838797036778373,金圆股份,0.31693687647833996,0.43789126815424073
66,-0.27344444112847816,0.7954101630092343,电子信息,547,0.28004726489160736,航天发展,0.810015037170092,0.9331611836863675
67,0.24626940693504054,0.48933678932795743,公路桥梁,548,0.5097536993298173,湖南投资,0.5341284739305142,0.8380901315143519
68,0.8791790270145053,0.9219122228785286,汽车制造,550,0.9057042772554731,江铃汽车,0.8943736740378666,-0.005168360518578873
69,-0.08026745900688591,0.01881508137479719,石油行业,554,-0.02427239482196339,泰山石油,-0.08778830048745107,0.46780071084470026
70,0.35380442663556505,0.6928747199749332,房地产,558,-0.18285748161068177,莱茵体育,-0.6427428736174031,0.9565659371252009
71,0.2893319005006825,0.757026218838592,汽车制造,559,0.7657731405996853,万向钱潮,0.9017630081247114,0.8165528798438672
72,-0.042401720532984674,0.6143360394932396,化工行业,565,0.16314656587951443,渝三峡Ａ,0.5383936210645128,0.8877312566736647
73,0.78135842855424,0.9143817915219318,生物制药,566,0.5907724005557187,海南海药,0.8742590287923963,0.819482879117124
74,-0.17803036282595225,-0.17802772111920137,房地产,567,0.007336844811928992,海德股份,0.007495249931366149,0.6085286741114702
75,0.4972384207972098,0.7730606695668626,酿酒行业,568,0.6236457089259844,泸州老窖,0.7927096203263801,0.2879372361597793
76,-0.13891099063242016,0.6216481385361551,机械行业,570,0.33754241330139023,苏常柴Ａ,0.33847324588468564,0.7960300027839057
77,-0.8079329864159199,-0.7821890843609266,煤炭行业,571,0.3775035871188722,新大洲Ａ,0.37586085229438054,0.8258745352422364
78,0.1990239775658731,0.1942900907415867,汽车制造,572,0.6267780077911378,海马汽车,0.4412211015569618,0.10052445287858444
79,0.6567620520462557,0.9294168030384564,汽车制造,581,0.7631099382931734,威孚高科,0.8941394249478506,0.33289946822335226
80,0.08948634325463423,0.5408922705017738,交通运输,582,0.6224329457633294,北部湾港,0.5793811596782432,0.911969666344393
81,-0.22611201035355605,-0.22611782893082225,发电设备,585,-0.5962952865654537,东北电气,-0.5963059516789186,0.7287791547202632
82,0.7040656617901763,0.6472633310484377,汽车制造,589,0.48503057077704487,黔轮胎Ａ,-0.050915794218751795,0.6649494296146801
83,0.039266792752822396,0.2106259858417414,生物制药,590,0.15091175446484167,启迪古汉,0.10650898481860675,0.2587312338481821
84,-0.583595207798709,0.3987919222816152,商业百货,591,0.8407258205655044,太阳能,0.8216868114197512,0.7590629154803173
85,0.2792506759358966,0.6296652707146219,供水供气,593,-0.13780145292355928,大通燃气,-0.2227557628283352,0.8310977142150544
86,-0.4625288121096343,-0.044013015829799274,机械行业,595,-0.29122554908782217,*ST宝实,-0.4377377501446616,0.7872950493187292
87,0.8128234330730707,0.865187770996859,酿酒行业,596,0.8634890994168495,古井贡酒,0.9341541106743697,0.39277516097126
88,0.825069155281698,0.7766841294935263,生物制药,597,0.38145910030334473,东北制药,0.3496514388419263,0.35668580961522145
89,0.13353213716871132,0.7289121519602757,环保行业,598,0.507258746134721,兴蓉环境,0.8862819471986174,0.8106652698550777
90,-0.19232856131911372,0.17596950822617938,汽车制造,599,0.06157299978255421,青岛双星,0.07726454441693495,0.8653886787326256
91,-0.14448954115790322,0.43902816139944617,电力行业,600,0.4075305685104971,建投能源,0.6239949563671288,0.6670990051744204
92,0.2227848995019739,0.5834428357105257,电力行业,601,0.5274914846047217,韶能股份,0.6405037729975432,0.6858780047074451
93,0.7224147294211603,0.8076086402334888,有色金属,603,0.8003425133722587,盛达矿业,0.8296567847277929,0.37242058090971447
94,-0.3403843036623723,0.3368080952631835,生物制药,606,-0.34941643184240506,神州易桥,-0.31311536865756506,0.8313947135385024
95,0.5372458005242102,0.4278776221020414,房地产,609,0.5717252645477157,绵石投资,0.41383552085634995,0.7462257619054834
96,0.5905306599480535,0.7649663354852895,酒店旅游,610,-0.10013062192923934,西安旅游,-0.03383161967375413,0.9057990904081544
97,-0.4364391009894301,-0.28559732068284566,纺织行业,611,-0.5894668474012258,*ST天首,-0.6340284040412175,0.811326565344882
98,0.20729321352009947,0.8542431163616224,化纤行业,615,0.46318459798110456,京汉股份,0.6260836517170388,0.8885772964886013
99,0.4342280323406414,0.759768282775737,物资外贸,626,0.7127248362925084,远大控股,0.8847750118159124,0.8176451468595513
100,0.02188261770977302,-0.050652912404080944,化工行业,627,0.6208013536510374,天茂集团,0.56573712339577,0.84176438572924
101,0.06793469332571606,0.3299281357203363,开发区,628,0.07526466597014891,高新发展,0.11056619703843605,0.8144215752895855
102,0.6826697173572521,0.7843841846221401,钢铁行业,629,0.2586152176397082,*ST钒钛,0.11083009772484455,-0.014878392103844812
103,0.6912504310595786,0.5624287714844166,有色金属,630,0.6647094071689422,铜陵有色,0.3600823249078249,0.22959207116271932
104,0.0528383652339728,0.44054377675834283,电子器件,636,0.41014978338679553,风华高科,0.4348544734872507,0.7373823223410125
105,0.7797539820476792,0.8611820153324422,食品行业,639,0.7596550619663389,西王食品,0.7498718750293206,0.7789059250412381
106,-0.21717428166724956,-0.025782195136120033,综合行业,652,0.6851267217599896,泰达股份,0.618083128785061,0.5555452316301313
107,0.6999170650626741,0.7134527194705581,钢铁行业,655,0.7755268663941307,金岭矿业,0.6764842618667145,0.3069640083795712
108,0.2991998620682763,0.44332567474067386,有色金属,657,-0.6625217440613488,中钨高新,-0.5871225874491421,0.6964157618983298
109,0.5143571000369401,0.2733312136440072,印刷包装,659,0.4574892848019363,*ST中富,0.08428353768299844,0.628185321717279
110,0.9700831388404009,0.9680180394436696,生物制药,661,0.9416600717001472,长春高新,0.9416617698517418,-0.06400109034384832
111,-0.12786800299228687,0.7078287100782068,化工行业,662,0.35172821095751206,天夏智慧,0.5647830346715066,0.30876857033076055
112,0.5187778995752953,0.64716698664187,农林牧渔,663,0.4515122817466804,永安林业,0.5223470326949649,0.6278540454897986
113,0.638432368035996,0.8828255411282155,传媒娱乐,665,0.6437531660783186,湖北广电,0.8134622743014237,0.5782061798124881
114,0.161551253677337,0.5454525260015464,房地产,667,0.680633201090778,美好置业,0.7462161225846978,0.6258575622474273
115,0.6465035549361121,0.7855946590601471,供水供气,669,0.5913558327925094,金鸿能源,0.763745387687553,0.525290284802368
116,0.6040167940599406,0.9787491395474116,房地产,671,0.61231613768038,阳 光 城,0.9421081904503098,0.939701406213474
117,-0.24521273845214947,0.27094000883900954,仪器仪表,676,0.48005551355937526,智度股份,0.5170306410450621,0.7349338210543019
118,0.5756592062089394,0.6900744755493842,机械行业,678,-0.3126089369873439,襄阳轴承,-0.2540352555356825,0.8777550115799084
119,0.6967694258160241,0.6135587814147022,机械行业,680,0.651685241797832,山推股份,0.3146729965444982,0.33032835942048233
120,0.2927807713058759,0.3057549904974984,发电设备,682,0.39946532910220073,东方电子,0.4100159410418918,0.7923342705372064
121,0.10639196558510193,-0.016620951649628443,化工行业,683,0.48413644263113326,远兴能源,0.33377394068977373,0.3202952453371585
122,0.682913927633071,0.8269262457666184,供水供气,685,0.7547656742421927,中山公用,0.8804306508507712,0.844994472552571
123,0.13759633498898996,0.7540999278735048,化纤行业,687,0.0784774880838225,华讯方舟,-0.03989165068714814,0.5635399364994919
124,-0.40759489974575985,0.4354972646844567,电力行业,690,0.1251789849306429,宝新能源,0.45820126923643856,0.7730029790226965
125,0.33970298331464344,0.6616184546395792,供水供气,692,0.7378818103690354,惠天热电,0.7321778340680734,0.8902059892355066
126,0.43901314852887185,0.4458954686762273,供水供气,695,-0.16857763485414431,滨海能源,-0.17251798317693337,0.24407302802709757
127,0.505565859591942,0.7631046977343103,汽车制造,700,0.635417167587431,模塑科技,0.7417909852416362,0.621322944540139
128,0.7277014268667914,0.8427206339086784,综合行业,701,0.26149827981448487,厦门信达,0.4815426137616784,0.6701401190501892
129,-0.7615645859480726,-0.7793629453710874,农林牧渔,702,0.08767215617984535,正虹科技,0.09380516220785183,0.5061783400143615
130,0.349284206091746,0.9169358208378917,商业百货,705,0.6602578250428065,浙江震元,0.6960812508279147,0.817253289760097
131,0.43478254444124864,0.44911530171214736,化工行业,707,0.38560084946474704,双环科技,0.3704843257040046,0.7193888720243578
132,0.59393511525731,0.6113823467783355,钢铁行业,708,0.7445565028744879,大冶特钢,0.7143594188430501,0.3531409683292609
133,0.5708510009333946,-0.04269516496968325,钢铁行业,709,0.6287448256795218,河钢股份,0.5357087899244994,0.005432355838609287
134,0.28681587227724403,0.2868052736107336,汽车制造,710,-0.14544371044521656,*ST天仪,-0.14592421852381265,0.6851405708205542
135,-0.7022787977952937,-0.6672484672011164,金融行业,712,0.828931693814813,锦龙股份,0.9661097117648869,0.9744252283768313
136,0.6484309802305056,0.7544529070143395,农林牧渔,713,0.5397579305145035,丰乐种业,0.6129345475527208,0.5229872163189797
137,-0.1868656658506038,0.3057891334816089,商业百货,715,-0.1439052010976411,中兴商业,0.251631566931155,0.4569405548850501
138,0.9521595061127335,0.9059568864134078,食品行业,716,0.5998808697559164,黑芝麻,0.6707675289029232,0.6488686628582133
139,0.13898544211882866,-0.2897586570002243,钢铁行业,717,0.4670757321606047,韶钢松山,0.16059790201707402,0.49205201954844163
140,-0.33529058736519796,-0.22039040285882902,电力行业,720,-0.01776395534694368,新能泰山,-0.09422896981284196,0.45717424812670737
141,-0.05135926783982892,0.06003878978226412,酒店旅游,721,-0.07181445906021135,西安饮食,-0.5702772025393572,0.9021457885899592
142,0.747797897945399,-0.37742685640182483,电子器件,725,0.14857041820645792,京东方Ａ,-0.1486597013065707,-0.13498004022194693
143,0.0458531149152167,0.40174541283960347,电子器件,727,0.02873376130963715,华东科技,0.05857083929023441,0.21819888226505318
144,0.8868584859083023,0.671401739682458,酿酒行业,729,0.8856001804861046,燕京啤酒,0.7046688215838749,0.5391093461979714
145,0.8033778754977844,0.8804497900564987,电子器件,733,0.7923464823898899,振华科技,0.8566262827179704,0.8425168015641491
146,0.4425997889428411,0.5599076980782336,农林牧渔,735,0.38467364626260275,罗 牛 山,0.3578076459561603,0.7699741974117457
147,-0.21080431680128237,0.8658870124417567,生物制药,739,-0.3967985683466825,普洛药业,0.8105673029341885,0.8271958515696456
148,0.5713449323176977,0.9274079486002867,金融行业,750,0.6827035604681572,国海证券,0.8600374540640382,0.9557653929401765
149,0.6952810253182341,0.8014488115535917,酿酒行业,752,-0.010466488467422465,西藏发展,0.06378822149060373,0.8674875931596242
150,0.37031050902049456,0.6510039137076191,汽车制造,753,0.3802654299101565,漳州发展,0.20333958734141047,0.9180285839586073
151,-0.15747037735724947,-0.06462082548858673,化工行业,755,0.3938515413101101,*ST三维,0.3014968462661719,0.18608033372669816
152,-0.15557473836682115,0.6453069390320393,商业百货,759,0.5047649232319085,中百集团,0.5766662607983427,0.7412798812789078
153,-0.8401860667366963,0.23335120214975175,汽车制造,760,0.16039419191329363,斯太尔,-0.08967172675720532,0.7636481764286297
154,0.2057986293757047,0.6229193306088532,有色金属,762,0.048454066283077885,西藏矿业,-0.1047491685456065,0.6421724847284677
155,0.8890850881532592,0.8911999802958227,生物制药,766,0.4938844411164288,通化金马,0.6889347221549923,0.45729524888630374
156,0.42079437135452163,0.7738046439370535,机械行业,777,0.4227168598435125,中核科技,0.421535370433587,0.8848620800876007
157,-0.07737593295803982,0.572616785834331,钢铁行业,778,0.5581436331912139,新兴铸管,0.3431006035498641,0.6989388341109265
158,-0.4123732754878346,-0.401792698323196,纺织行业,779,0.12162857944794071,三毛派神,0.12004282983189601,0.5734673496979789
159,0.7484925364729045,0.816016763924905,水泥行业,789,0.7525761227709107,万年青,0.7482600372636116,0.7304017119028829
160,0.11851621361662455,0.7671930764092215,生物制药,790,-0.15213407874069745,泰合健康,0.26475619445061666,0.7951114384086312
161,0.40776322295956413,-0.0669708337500806,农药化肥,792,0.8003715556786837,盐湖股份,0.4757051240984607,-0.16500384361930232
162,0.20811362439678963,0.6766528440055684,传媒娱乐,793,0.7861041517800706,华闻传媒,0.841293587169108,0.8112253796852451
163,0.8082638691780363,0.9227770634107283,其它行业,795,0.5694817871469541,英洛华,0.5699529236346286,0.5931927911901819
164,0.8179160164912966,0.8930980272008363,食品行业,796,0.35526981424678844,凯撒旅游,0.7135550569316447,0.6042404198281429
165,0.7922106124691451,0.7992229923766317,酿酒行业,799,0.854582354981226,酒鬼酒,0.8581424569528421,0.488323509676073
166,0.7412026416452823,0.7770094569139476,汽车制造,800,0.381768904496983,一汽轿车,0.32871487976878555,0.5204266030166474
167,-0.2642004656458792,0.6877212380639386,酒店旅游,802,0.24865962957260002,北京文化,0.6012477493343802,0.6596456941436484
168,-0.18694140257725747,-0.2044618650332816,纺织行业,803,-0.6932836030613289,*ST金宇,-0.75480438349652,0.308936299208006
169,-0.2812439854877681,-0.06636389846713646,发电设备,806,0.35490531458464697,银河生物,0.3529921205572021,0.8126315515623959
170,-0.2892248096515329,0.09212426319544723,有色金属,807,0.41785299964371947,云铝股份,0.21441851739042314,0.49006400209571777
171,0.3831728114966069,0.6177762118113664,印刷包装,812,0.13439613214645882,陕西金叶,0.20705354544178653,0.9106545968731461
172,-0.007605552494455448,0.4154554375462522,纺织行业,813,0.46906701639654547,德展健康,0.4659161798345774,0.4493075736027359
173,-0.6061196485102873,0.4778556199967346,机械行业,816,-0.11300102825623352,智慧农业,-0.01176038103325048,0.8724556814830422
174,0.576870044896385,0.8152723840805679,机械行业,821,0.439477620674811,京山轻机,0.555813243310494,0.7290387067900971
175,0.43702997264876176,0.5401308659986744,化工行业,822,0.4330639098378282,山东海化,0.36064359370792776,0.704040586256449
176,0.7806943371112168,0.8429181387820954,电子器件,823,0.6940268959441954,超声电子,0.7784465562162008,0.7362978292376675
177,0.5477712196623377,0.7095632910129895,公路桥梁,828,0.6354062652502044,东莞控股,0.7823172732745525,0.7746282229633223
178,0.19610510082312899,0.5901731600628787,农药化肥,830,0.20512086828942375,鲁西化工,0.5564717979337949,0.7832644429788875
179,-0.13017669417922248,0.8661199476892443,造纸行业,833,0.39221165211427417,贵糖股份,0.5529841507355346,0.7527731435513867
180,0.10312432285259855,0.12613920375095586,传媒娱乐,835,0.25051874242135386,长城动漫,-0.2574997904386115,0.795753433109189
181,0.5184636690022298,0.6231426131777396,纺织行业,850,0.23372312648071525,华茂股份,0.2954675983319558,0.5323285723248221
182,0.4460382344677752,0.5043043868579313,机械行业,856,-0.14227065662007143,冀东装备,-0.15124738937778598,0.3784264300530238
183,0.47105641704920437,0.6579198408422684,酿酒行业,858,0.554560346682576,五 粮 液,0.6695945062799873,0.3866077442442132
184,0.25876329642049356,0.3802862803119279,塑料制品,859,0.019525624595481836,国风塑业,0.0656634203036083,0.7518658649429389
185,0.7768956507461527,0.8482416890410045,酿酒行业,860,0.8712251060968642,顺鑫农业,0.8603638415193516,0.8148702694062675
186,0.42282810569654355,0.7456407980138912,房地产,861,0.7510523877040904,海印股份,0.5697712204953009,0.8217085615866402
187,0.8595407478283182,0.8684776781784423,酿酒行业,869,0.9000217826172909,张 裕Ａ,0.9189464340161807,0.11454718391204069
188,-0.1439073427990058,0.07296702999868797,电力行业,875,0.27428380123385243,吉电股份,0.2880897581018241,0.8217955357670365
189,0.8734661527962495,0.8245573107343321,水泥行业,877,0.8283891295694809,天山股份,0.6319522373879661,0.3775538672789531
190,-0.12151462008849769,-0.01580069791123583,有色金属,878,-0.08146262717926758,云南铜业,-0.0028206716941311448,0.16134430126656824
191,0.2293429151314626,-0.26428912109945746,商业百货,882,0.6257126589776586,华联股份,0.23137488242139376,0.18371089077734437
192,0.8299614057071193,0.9544080903047664,酒店旅游,888,0.8016925740780932,峨眉山Ａ,0.9014662574752083,0.491342670698018
193,-0.21393341845250588,0.038672851276194485,钢铁行业,890,0.5455909999786945,法 尔 胜,0.538649770833552,0.7461601524998981
194,0.6995914070779811,0.6816740297334044,食品行业,893,0.05087511985684357,东凌国际,-0.07126881518326882,0.4956137431046193
195,-0.10967484243942412,0.050963797466569566,房地产,897,0.26929305752594623,津滨发展,0.12279718202973533,0.6334781610904624
196,0.10394750874428323,0.3332888448143691,钢铁行业,898,0.40279048139533763,鞍钢股份,0.44698952006918435,0.28232296813137603
197,0.22322014911527382,0.44287608821172714,电力行业,899,0.3407582115013835,赣能股份,0.4843273634519731,0.8249774787781451
198,-0.027380493936636694,0.5278471137041973,公路桥梁,900,0.9025986646813471,现代投资,0.8371726232730624,0.6083604933621525
199,0.5428589131562509,0.6872629628485238,交通运输,905,0.0052174853145450185,厦门港务,0.2650114517812618,0.9232082153667798
200,0.2576165585790154,0.3442452468802028,商业百货,906,0.28008467371455076,浙商中拓,0.3829782480060762,0.7298746604552799
201,0.3830543394565243,0.7025576732001151,综合行业,909,0.24692579644254864,数源科技,0.31045407783454987,0.9061290490009216
202,-0.02741350080367812,0.38056101404283044,家具行业,910,0.8636058982371634,大亚圣象,0.8939771314793726,0.7783628990165677
203,0.7307177458582298,0.7551244783347169,农药化肥,912,0.4649612543504609,泸天化,0.37907738680457526,0.4938146226176566
204,0.5306799712908293,0.6213007182871197,公路桥梁,916,-0.05309436046673699,华北高速,-0.1792436267417137,0.9074191350906835
205,-0.1948201616386264,-0.18472598094177123,交通运输,920,0.5213940811098616,南方汇通,0.5931123573955818,-0.15158530872626566
206,0.30575562841404147,0.3367696927537826,电器行业,922,-0.3696605285069408,*ST佳电,-0.46198295107604154,0.6890803698114973
207,-0.040135238953854416,0.6539683892425777,房地产,926,-0.37129981560517883,福星股份,0.46842909894939566,0.7029622741296566
208,0.36508273115450607,0.3503503216021111,汽车制造,927,0.35638123730044546,一汽夏利,0.3417915323823727,0.4058069834289674
209,0.0549226781636777,0.3134986991988535,食品行业,930,-0.546100689401711,中粮生化,-0.555666516371768,0.8088855331607891
210,0.15047884515947182,0.1504826921409062,房地产,931,0.6356074144612402,中 关 村,0.6355859186957812,0.8464236345779019
211,0.02237868811721675,-0.1896498817559817,钢铁行业,932,0.4508233715167327,*ST华菱,0.4090755762032365,0.23249887373118652
212,-0.16766573057858178,-0.09901178120526337,化纤行业,936,0.4673201009412448,华西股份,0.6127176276419805,0.838529877064413
213,0.8444174731536861,0.8282787132205371,煤炭行业,937,0.9245893575639926,冀中能源,0.9019956324040609,-0.028320076971777953
214,0.11797546058196134,0.41392816283649986,农药化肥,950,0.4822761937742016,*ST建峰,0.004815943398077267,0.5606581341394541
215,0.8617312692866033,0.9297975905425647,生物制药,952,0.5742200472249709,广济药业,0.5794915558533044,0.851498663235732
216,0.16131733219377703,0.15776330800881425,有色金属,960,0.29877368125105075,锡业股份,0.07720727170556012,0.13032855704422824
217,0.1268346006313984,0.8591218028764334,建筑建材,961,0.5280167305203943,中南建设,0.507308745011347,0.7839176033656176
218,0.5858780754918149,0.6258406271594948,有色金属,962,0.18027875548127228,东方钽业,0.10735651545768697,0.41239730620106924
219,0.980356534553646,0.9810625842923003,生物制药,963,0.9770289580582099,华东医药,0.968575330273003,-0.25203266918677925
220,-0.07265164361782041,0.15364284917157875,电力行业,966,0.6257092563845034,长源电力,0.6266797998693022,0.7970755944213044
221,0.05027521280542986,0.7405914628631483,发电设备,967,0.4579298494848671,盈峰环境,0.8293161115734753,0.6476096149128603
222,0.3492388500660564,0.8057146382367981,钢铁行业,969,0.4986745252332003,安泰科技,0.47184657905737676,0.6594791745655763
223,0.7631365812735709,0.8246761508368735,电子信息,970,0.7950304979858821,中科三环,0.6582520083131397,0.7805807486343626
224,-0.081634808008965,-0.20793589770969004,塑料制品,973,0.752690233307467,佛塑科技,0.6477551227026512,0.7372444773500402
225,-0.5261239611854557,-0.2926839832184963,化纤行业,976,0.30465776151348406,春晖股份,0.30300510501831784,0.5038826671920736
226,0.4964980686380113,0.9758393614845766,纺织行业,982,0.764837733347371,*ST 中绒,-0.2546857482264955,0.6709747017349657
227,0.05398549862043335,0.17843227405658857,化工行业,985,0.14253351845005574,大庆华科,0.14592908091203544,0.6955234439132755
228,0.18697781989480838,0.461379556029594,商业百货,987,0.4223195935833338,越秀金控,0.6046040175490289,0.6042623266812016
229,0.7480336250927481,0.9417425819191969,仪器仪表,988,0.7025532582427306,华工科技,0.7092876859336817,0.9095018446366555
230,-0.731620363996582,0.5195025116904312,生物制药,989,0.581842359776342,九 芝 堂,0.9203514105596099,0.18990875454936518
231,0.0014745000744441899,0.6279290647392596,化工行业,990,0.06373330407842719,诚志股份,0.6718480400595647,0.728672776997177
232,0.4222400059835956,0.48937581984267076,酿酒行业,995,-0.2927235039574498,*ST皇台,-0.28894598831715906,0.3175151916925769
233,0.5684584689688021,0.9115816512209121,电子信息,997,0.6356504543517437,新 大 陆,0.8810696268190091,0.8426358891371623
234,-0.597315570399141,0.8413439700375788,农林牧渔,998,0.6404637134878289,隆平高科,0.9610285326562031,0.7844536413101368
235,0.8116847038516594,0.8437266764464132,生物制药,999,0.8645793239742835,华润三九,0.877308013060304,0.5263858420453824
236,-0.0825836309952326,0.7634389032321117,摩托车,1696,0.16268681135776053,宗申动力,0.7498384685683441,0.8791730857738346
237,0.30001571550285505,0.4841179980391025,电力行业,1896,0.550104075384921,豫能控股,0.6834336127672818,0.6043062674602933
238,0.2344432257030567,0.8189005769033588,金融行业,600000,0.10572928367399853,浦发银行,0.7736647394594328,0.4842598638168997
239,0.03913873499901747,0.4092492837587657,交通运输,600004,0.17499055094544566,白云机场,0.5330068559462978,0.5341667496864053
240,-0.09213840436170914,0.2250723273415933,汽车制造,600006,0.3882505255094347,东风汽车,0.21834291101971684,0.8501931337854801
241,0.4312038525624243,0.5673822059953395,开发区,600007,0.5592956823896618,中国国贸,0.6857253065519936,0.5231709710950144
242,0.276239091809574,0.41756865340066057,交通运输,600009,0.48316020063076304,上海机场,0.5952184352351243,0.15853689158284312
243,-0.520930038946957,0.023539330853971058,电力行业,600011,0.054745318077735215,华能国际,0.3287860187332055,0.6103625898981226
244,0.38049304915200444,0.7611218251548207,金融行业,600015,0.3434522374936223,华夏银行,0.7291119106550866,0.6416481245066332
245,0.06004013671540471,0.8750514169474223,金融行业,600016,0.13599654322549268,民生银行,0.8514312813610845,0.6741305030411202
246,0.09663385378494034,0.3460834498968757,钢铁行业,600019,0.08581668556228164,宝钢股份,-0.08807518592685727,0.6788814916571908
247,0.5127229057367947,0.4779829201959677,交通运输,600026,0.7888047275522033,中远海能,0.7533091751022291,0.05442008496675738
248,0.727968804929696,0.9402807290110495,机械行业,600031,0.8214634641518477,三一重工,0.814952436188783,0.3982765901432343
249,0.6928372031832232,0.21022368127875143,公路桥梁,600033,0.8685520868597583,福建高速,0.6070503530891859,0.722317501519695
250,0.07655718230119356,0.6415609230639523,金融行业,600036,0.16812309195058744,招商银行,0.6293786499182994,0.4443982794894998
251,-0.10398499969661955,0.7155265728223501,开发区,600064,0.3776890933356426,南京高科,0.8555970602573618,0.8738109448283968
252,0.8099903238168825,0.9236854596323747,商业百货,600056,0.8082052213287045,中国医药,0.9104196423869441,0.7704073024213808
253,0.2535414849757984,0.6223559324608474,建筑建材,600068,0.5077979334837465,葛洲坝,0.6809716298597909,0.6895615220768542
254,0.5139166205483089,0.6457718802869787,造纸行业,600069,0.18412166176646574,银鸽投资,-0.14486719525449435,0.7597997092375268
255,0.0057776879228521654,0.01643291740667101, ,600071,-0.6071320360350598, ,-0.6114870608625368,0.1187243480826251
256,0.2729188723757753,0.8538694788388285,食品行业,600073,0.3221236328746453,上海梅林,0.766775118127521,0.8913332951666937
257,-0.2919186400330343,0.3722526461313484,化工行业,600075,0.43369470045030367,新疆天业,0.3345899075906221,0.7370101239727
258,0.4193110154672576,0.7402908810851994,电子信息,600076,0.2726816529175731,康欣新材,0.7099794165460398,0.8188434886989556
259,0.023316940425784503,0.7461620251132381,化工行业,600078,-0.24497433015404163,澄星股份,-0.08382913975106776,0.8554973586131275
260,0.8651068736122791,0.9460855476434035,生物制药,600079,0.8374491179835951,人福医药,0.9532116881149811,0.45468404675984103
261,0.1580748265412767,0.3134190033509103,生物制药,600080,0.5393618144885471,金花股份,0.5476449705905176,0.6988979897284927
262,0.842055498736463,0.8738134124073617,汽车制造,600081,0.7092998556163863,东风科技,0.7084763563194566,0.6066482767805742
263,0.3590808473273878,0.47437597688546473,房地产,600082,0.5232375590384949,海泰发展,-0.1277586765974019,0.705132720864439
264,0.46707447882204783,0.9699131371322676,生物制药,600085,0.2770066572601173,同仁堂,0.9615208288422226,0.8052945197213157
265,0.6702098021243261,0.9359901677611843,服装鞋类,600086,0.6020728386119132,东方金钰,0.86746130672112,0.6785147718045021
266,-0.15920034441486283,-0.11097704409527097,传媒娱乐,600088,-0.24783705912223478,中视传媒,-0.37925032754482274,0.4686387408144182
267,-0.20562918075424838,-0.20062924717954936,化工行业,600091,0.18887818446051322,ST明科,0.19485307372976415,0.2588252325156763
268,-0.35110747871299386,-0.36558972785904564,农药化肥,600096,0.4261644449099426,云天化,0.34511439220619244,0.15215279740925644
269,0.5338229216856848,0.7015602443672349,农林牧渔,600097,-0.012060192368884452,开创国际,-0.011342241063813884,0.7710776373722124
270,0.47006125300840756,0.810314267902102,电子信息,600100,0.21228819446833655,同方股份,0.5907449401457999,0.8502939713467296
271,0.4993096491709002,0.6392238948533386,电力行业,600101,0.6099244286378435,明星电力,0.6629189405561607,0.5312766565670144
272,-0.036975103547444835,0.6271262508192502,造纸行业,600103,-0.06747152394904526,青山纸业,-0.09190694471159015,0.8544530878971108
273,0.7627684089884434,0.89827051337852,汽车制造,600104,0.7403045854427747,上汽集团,0.891045768122884,0.6493800412351768
274,-0.0256307855252877,0.8203447612220831,电子信息,600105,0.31874240158903067,永鼎股份,0.6853564205834959,0.8239970440747112
275,0.35257817572579736,0.3525660083389195,服装鞋类,600107,0.25494400657772426,美尔雅,0.2549156023526861,0.6666751476120815
276,0.5595845227701493,0.746763565489055,农林牧渔,600108,0.4184556296423439,亚盛集团,0.45202790429947304,0.821758637371677
277,0.8678989135948244,0.9408218569074143,有色金属,600111,0.8701089572913817,北方稀土,0.6755318219571758,0.6955991344987031
278,0.4563935158227778,0.46137614938801524,钢铁行业,600117,0.09402557208950976,西宁特钢,0.08649872517047347,0.5126462491405194
279,0.48272035499917826,0.8377438635846652,飞机制造,600118,0.4982289226246538,中国卫星,0.8358970586168375,0.8557451268789978
280,0.11495888086584617,0.11893204062554728,物资外贸,600120,0.7942545128274896,浙江东方,0.7986806310189493,0.75191251723763
281,0.9446469107265418,0.9393689084683131,煤炭行业,600123,0.8692585106267043,兰花科创,0.7449774694648215,0.068605258081817
282,0.3538087737996631,0.7328158075065164,电力行业,600116,0.6999489529349254,三峡水利,0.885345804739323,0.9507555415239916
283,-0.1327661351836061,0.5713852102580442,交通运输,600125,0.5697502458879168,铁龙物流,0.7545762588378385,0.6683293802346438
284,0.8332331399803361,-0.28921838720018267,电子信息,600130,0.4549384170603363,波导股份,0.1347928633347945,0.8809973514180964
285,0.512210153373757,0.531946270482299,电力行业,600131,0.30311639398880486,岷江水电,0.3057540851506087,0.7222621713269307
286,-0.2566999059509701,0.2697264998295004,酿酒行业,600132,0.34116303015027777,重庆啤酒,0.4164718100007879,0.14600542001968864
287,0.5807716152278387,0.632395093556997,化工行业,600135,-0.0814444420636245,乐凯胶片,-0.07977737964341312,0.5939508601459782
288,0.3952229564930664,0.8093173235912345,酒店旅游,600138,0.43889742842474644,中青旅,0.8082479332504435,0.5744983259617423
289,0.32864087997813024,0.575256913050516,化工行业,600141,0.5599326012214306,兴发集团,0.4882486782755044,0.6952764188099754
290,0.09773473973900014,0.34875934265173014,塑料制品,600146,-0.19740331851867823,商赢环球,-0.13056156690054901,0.42920586786297843
291,-0.17956231334488976,0.3514686755959832,电子器件,600151,0.2603175397269253,航天机电,0.2355096637150173,0.6893360965898161
292,-0.14498856618101305,-0.15928833807213025,纺织行业,600152,0.03482793773042065,维科精华,0.010543632116006615,0.8473787346199848
293,0.22003155512416045,0.8642060206648057,物资外贸,600153,0.20858458905568458,建发股份,0.8215793041019445,0.9235358471436346
294,0.4218805683015321,0.8422225140033024,煤炭行业,600157,0.6912672066416757,永泰能源,0.8184544261115348,0.6867777200353643
295,0.42921715070147126,0.81460338161319,化工行业,600160,0.8396192177922712,巨化股份,0.5633863891136534,0.7140282839340326
296,0.4794287749291636,0.713244518539893,生物制药,600161,-0.0706865669474094,天坛生物,0.15168292592578295,0.6038314755424216
297,-0.2153532377663718,-0.11253335664718261,房地产,600162,0.5074307583519514,香江控股,0.37076900600153123,0.5528931412961201
298,-0.37726905584234616,-0.2519144816838822,造纸行业,600163,0.27575802996682985,中闽能源,0.011176184774154543,0.6714124640591776
299,-0.3102162023213168,0.6053965861050155,钢铁行业,600165,-0.06008050072953609,新日恒力,-0.5135730979286395,0.8475902408573646
300,0.7055365604395919,0.9173147064643633,汽车制造,600166,0.8840600129178253,福田汽车,0.870314238642997,0.3849704803099331
301,0.7412515997828539,0.6747462736398152,供水供气,600167,0.78343177926048,联美控股,0.6398190121025924,0.5210812912519469
302,0.875353380163758,0.6007954753365224,机械行业,600169,0.8574624717998637,太原重工,0.14308864294166537,0.5178672842431272
303,0.41538912020838514,0.8682117976829656,房地产,600175,0.7907030570637926,美都能源,0.6703691152810591,0.863070010331999
304,0.7766334521415402,0.8075885625803351,玻璃行业,600176,0.41234496883256383,中国巨石,0.7623635125077257,0.7143010281354856
305,0.06284020312539772,0.5431013849149045,服装鞋类,600177,0.6018406208001837,雅戈尔,0.8405218759354214,0.7299404667171692
306,0.25817196754423144,0.24084181936621887,汽车制造,600178,0.3356542682167836,东安动力,0.3277556570998815,0.7728234014328904
307,0.3232955228204133,0.2984761168089307,汽车制造,600182,0.5770798135669842,S佳通,0.5597760157398576,0.2994517258222426
308,0.19768498755827205,0.7223992215355404,电子器件,600183,0.5701742916633105,生益科技,0.7590386770820037,0.7259381453525808
309,0.13234403344622925,0.060600572802787446,农林牧渔,600189,-0.3116517963730184,吉林森工,-0.42025371855416493,0.8343648095084824
310,-0.3665279607634455,0.07482477919300885,交通运输,600190,-0.033384004330401146,锦州港,-0.0346925245842685,0.8262627464643483
311,-0.35756924141641566,-0.6328914129064503,食品行业,600191,0.2502348447076331,华资实业,0.30652672777569945,0.6816018225813026
312,0.23885931469656588,0.4307755406737177,发电设备,600192,0.36220240633380957,长城电工,0.3470529397984446,0.8053685368339013
313,0.46223050629416157,0.5041983072832182,农林牧渔,600195,0.7156397719043149,中牧股份,0.7391808430622472,0.5642784072726854
314,0.6479620135173727,0.9105235959157063,生物制药,600196,0.5890331706811811,复星医药,0.8391155212888198,0.6004738060526247
315,0.7683625828205863,0.8338318236111694,酿酒行业,600197,0.7434100771985996,伊力特,0.7953203635437706,0.5782342719554001
316,0.520545926890939,0.879310183604124,酿酒行业,600199,0.8036771553259465,金种子酒,0.8476629384264037,0.4371147562982787
317,0.7379816714665075,0.8249803619075811,电子器件,600203,0.26449356939162355,福日电子,0.39311373689292456,0.42870108564527
318,0.4433495563097525,0.7922370943023819,电子器件,600206,0.45380451041788805,有研新材,0.3444571379873142,0.8201088068893709
319,-0.30571440246896353,-0.3061326955209947,综合行业,600209,0.1371981090467012,罗顿发展,0.13682662096304418,0.8798408693806793
320,0.02336757018060152,0.45380069779902327,印刷包装,600210,0.4602904045840968,紫江企业,0.38975584831216564,0.7028029644223328
321,0.293088898566134,0.3693536887809403,生物制药,600211,0.7063391024972783,西藏药业,0.7383472830981476,0.0022198615587634167
322,-0.38230311099137976,-0.14889838211837572,开发区,600215,-0.06218742613872347,长春经开,-0.2222665393515534,0.7993369304885772
323,0.9169141168721411,0.8989240581000632,生物制药,600216,0.893495421102675,浙江医药,0.74708761266203,0.23011429999585697
324,-0.07569851601645426,0.041703789824831895,有色金属,600219,0.6963188768720582,南山铝业,0.5178610981352032,0.14080523121589403
325,0.3540045151449101,0.3915080785739701,纺织行业,600220,0.38309734041357013,江苏阳光,0.22037618598422481,0.8630505216311626
326,0.7665793425125982,0.8062460402909769,机械行业,600218,0.49494853827280577,全柴动力,0.513629622538852,0.4825261099395597
327,-0.6013705282596324,0.6340468663169196,生物制药,600222,0.27020213098065593,太龙药业,-0.31122991580915527,0.8239450342941422
328,0.34511571775709793,0.37636338892689597,农药化肥,600230,0.053398393947615586,沧州大化,0.03892270853773391,0.5674885935358727
329,0.021984656130188695,0.10646639155048059,钢铁行业,600231,0.5537401316358452,凌钢股份,0.42605880296298376,0.47433335193562076
330,-0.4084663236060181,0.5501956706426837,电力行业,600236,0.3090560831285316,桂冠电力,0.6341539954254414,0.8038798425660314
331,-0.27184291188542326,-0.5053506951566726,酿酒行业,600238,-0.10131256865150495,海南椰岛,0.036167024394899466,0.736286493672901
332,0.4215679342500801,0.8959199151958219,房地产,600240,0.5895050169394167,华业资本,0.8993444570222596,0.8082017402112295
333,-0.14485665920906102,-0.3204959993853935,物资外贸,600241,-0.20159485107609,时代万恒,-0.5031023053360802,0.8766670408747669
334,-0.13949169817081067,0.6411278816532838,机械行业,600243,-0.004448990026102982,青海华鼎,-0.07395854456410048,0.7620034510929292
335,0.20145177311846857,0.46606657098610105,房地产,600246,0.29534912766770854,万通地产,0.09937287296094195,0.6027584378770533
336,-0.5643516905086343,-0.0019170704445260695,化工行业,600249,0.8856607123406738,两面针,0.47690892248162436,0.49925899279464925
337,0.27502637091162885,0.4733741205504919,农林牧渔,600251,0.11795398649238927,冠农股份,0.30098713116471854,0.3351531770272046
338,0.13804492532603288,0.6133836004299918,生物制药,600252,0.46395866887145987,中恒集团,0.6522174129734387,0.8234929364319388
339,0.5690501988770813,0.8154890504403924,有色金属,600255,0.5710422605917658,鑫科材料,0.266666357156202,0.8908242417349513
340,0.3598597227837241,0.7960116666931762,综合行业,600256,0.6619844126364401,广汇能源,0.6235964283386877,0.4722833528438956
341,0.6848919927342748,0.7928956477588172,食品行业,600260,0.3443266875678598,凯乐科技,0.6390482420987804,0.9048471706994666
342,0.0810191335000549,0.06987817528715926,机械行业,600262,-0.3789369697398286,北方股份,-0.383495445714099,0.3219882612492303
343,-0.06418455636340009,0.5383201047000398,房地产,600266,0.230814665625349,北京城建,0.5953948748412614,0.7862454567695979
344,0.4795860059952147,0.6330375658408474,生物制药,600267,0.7966624792949979,海正药业,0.5184203607594667,0.2899349613938249
345,-0.09322515778914532,0.6162932443919832,发电设备,600268,0.6600877555404469,国电南自,0.254314655279477,0.5598689056716836
346,0.4186623088235524,0.8436935366474976,电子信息,600271,0.6526697869404389,航天信息,0.8815681645412892,0.7404572498303233
347,-0.16076140130280606,-0.16200497536480127,服装鞋类,600272,0.27748837537268817,开开实业,0.27915981146219565,0.7321050525801127
348,0.4373350705277458,0.9814614180038057,生物制药,600276,0.8890010526309868,恒瑞医药,0.9915001087568772,0.8058625811502651
349,0.34383270165605073,0.7428644913674426,化工行业,600277,0.2438234797062062,亿利洁能,0.6474977818911393,0.7593836139358573
350,0.34699379588718077,0.5996673844277965,物资外贸,600278,0.5141009226450127,东方创业,0.6192160301462653,0.7851604398652737
351,0.25333608981279826,0.463321858272539,化工行业,600281,-0.2591953206071938,太化股份,-0.3237226590228747,0.5622668662518001
352,0.8316948525323156,0.20563815178316727,钢铁行业,600282,0.6755967551334084,南钢股份,0.054335302452271285,0.24774690796830376
353,0.5664930970250835,0.7179393168153589,供水供气,600283,0.4632959854415317,钱江水利,0.49257390330438255,0.8980446603323896
354,-0.514797637577251,-0.26929423934868774,电子信息,600288,-0.42768608623189613,大恒科技,-0.20251836496414,0.8828337336746945
355,0.4822346012372938,0.765704318879486,电子信息,600289,0.5487904122860661,亿阳信通,0.31549651829783076,0.8849222695676796
356,0.579081267879066,0.7780940714150011,金融行业,600291,0.23437450597306772,西水股份,0.353459058368103,0.762944786966365
357,-0.10708924557716298,0.6263756106741352,环保行业,600292,0.6061945891092546,远达环保,0.8006828953391851,0.7962098818240233
358,0.590860939178198,0.5361378769978662,玻璃行业,600293,0.3270381916460627,三峡新材,0.39358371429227984,0.13534387296378797
359,0.47322614500298005,0.5323714304512707,服装鞋类,600295,0.7298386864540579,鄂尔多斯,0.7299277855882944,0.5801759878347059
360,0.5970434997147245,0.8295901307175835,医疗器械,600297,0.4922120783354289,广汇汽车,0.8327324040777264,0.799611808284999
361,0.19521410730218547,0.7122369662911109,食品行业,600298,0.638338461854789,安琪酵母,0.9110242807583706,0.6084325219474832
362,0.13538091950485656,0.34172456211565155,化工行业,600299,0.43248605635068704,安迪苏,0.3598034065978116,0.05508559962278716
363,0.118760160712025,0.7236421442547968,食品行业,600300,0.23004219844174206,维维股份,0.3023723261310119,0.7991502936671293
364,0.015250817941953846,-0.02706635855973922,纺织机械,600302,0.4162142874185866,标准股份,0.37621825865574776,0.5763603088743713
365,0.4066631328784413,0.47377367304362983,汽车制造,600303,0.5232501337382546,曙光股份,0.16755425041843278,0.8452939787691722
366,0.7770996045996054,-0.06585885573482002,造纸行业,600308,0.5842323312624004,华泰股份,0.35546784642893453,0.16605445879290656
367,-0.05118049618962369,0.7056537854713822,化工行业,600309,0.00617759199170038,万华化学,0.667176225080464,0.6388151866340798
368,0.21638275633669007,0.7620494478808463,电力行业,600310,0.5917029203786073,桂东电力,0.8409575843297464,0.8785350197989173
369,0.2874055141292153,0.6192942107730663,飞机制造,600316,0.25851403750281365,洪都航空,0.2585129319288855,0.6218662422816998
370,0.6989365030387029,0.5295985344118709,交通运输,600317,0.707663351414654,营口港,0.4975934737453816,0.7866568025053768
371,0.0735018615037613,0.4487954377929885,房地产,600325,0.6919979300765788,华发股份,0.6942793580295638,0.5713401064144885
372,0.36272237623259085,0.8973659133719296,生物制药,600329,0.6095251005812647,中新药业,0.7978367319820936,0.8731946293625406
373,0.05330690531652551,0.552578513697925,电子信息,600330,0.39024300265968664,天通股份,0.2855793319856709,0.6440124846228901
374,0.6251294143572687,0.6761761694910687,有色金属,600331,0.45818497143198267,宏达股份,0.12438264883526828,0.365384360474563
375,0.37746306335099444,0.636029573212557,供水供气,600333,-0.04832182056530506,长春燃气,-0.1997158164970997,0.42603222183350176
376,-0.12822981018845409,0.5915779987190072,机械行业,600346,-0.39925746605204276,恒力股份,0.3989060407030336,0.8873613826938537
377,0.5472315573481461,0.7971003825516015,煤炭行业,600348,0.6650907610022327,阳泉煤业,0.8649595071836618,0.48491212375350345
378,0.15072799583758337,0.32091195536995665,公路桥梁,600350,0.09989891056092821,山东高速,0.3072989558811057,0.7027483319821093
379,0.3624236772340288,0.8514950305144026,化工行业,600352,0.6035010395879422,浙江龙盛,0.9237399081230206,0.9207565513099206
380,0.798926317723673,0.6448379474549392,农林牧渔,600354,0.5463245411756555,敦煌种业,0.07956725820336354,0.3839610755136862
381,0.07001561957396693,0.6871061289535776,电子器件,600355,0.18234324633447194,精伦电子,0.08090204475501667,0.9287240829643384
382,-0.2919410440806266,-0.42296252747336743,酒店旅游,600358,-0.12865873181152657,国旅联合,-0.18751608501954226,0.8381492537261469
383,0.8883998082172216,0.7797738392231918,电子器件,600360,0.8642251028728987,华微电子,0.18344083588571355,0.6303790238578632
384,-0.11959483001858172,-0.19010961792066172,商业百货,600361,0.5970357395745303,华联综超,0.358405489876255,0.005719533098251682
385,0.032471222944101756,0.111322271382697,有色金属,600362,0.5119304262843796,江西铜业,0.5231986386286085,0.26723524967266793
386,-0.5100787385487524,-0.2112571287803876,仪器仪表,600366,0.5459989682202366,宁波韵升,0.667217278007471,0.9019985482555418
387,-0.29057675041267084,-0.3558624380326518,纺织行业,600370,0.030793920209813128,三房巷,-0.2199142195079679,0.8862458286933333
388,-0.05040747228185572,-0.1704154782351547,农林牧渔,600371,0.3670497276092741,万向德农,0.2310067662312952,0.6673936700668689
389,0.6198838641076506,0.8807188151373655,传媒娱乐,600373,0.840537862035846,中文传媒,0.9647442670745949,0.7301465663508717
390,0.2166529148131043,0.7088945165763726,公路桥梁,600377,0.2687872244019997,宁沪高速,0.6842571924214371,0.4745572943752141
391,0.10292596332824927,0.41622884720859993,化工行业,600378,0.548337198833294,天科股份,0.5954707088983662,0.6108758518361994
392,0.18650624300064889,0.7369372943448245,生物制药,600380,0.6269868374647767,健康元,0.524405112912401,0.9191926847880897
393,0.20564067265449162,0.7937515533433028,房地产,600383,0.4163644100216447,金地集团,0.8126298037893404,0.4470999098932639
394,-0.08337820146131446,-0.010743447543970523,交通运输,600386,0.3931670799774173,北巴传媒,0.4288574101331083,0.48737379085184107
395,0.5556668227880264,0.6817888004238563,石油行业,600387,0.07360539456599235,海越股份,0.07468369509063451,0.747899339106778
396,0.49211595947720355,0.9577090473111439,机械行业,600388,0.6533085922753219,龙净环保,0.9446892779900147,0.9145876948563828
397,0.6741081470430468,0.6189541271195669,农药化肥,600389,0.56167136055956,江山股份,0.5132985819018218,0.46700209173735546
398,0.5226503887725088,0.7303022674893105,飞机制造,600391,-0.007413001233750299,航发科技,0.00539688840488346,0.8101006999773263
399,-0.5442396502045103,0.519479758811483, ,600392,-0.5102784605356635, ,-0.27537180597216127,0.738784600908876
400,-0.08188482159552662,0.5598043367611609,电力行业,600396,0.04091520900888909,金山股份,0.3377073113861948,0.698394713013237
401,0.3909565446896398,0.947962201758646,服装鞋类,600398,0.8538884956900678,海澜之家,0.945223495042171,0.4445860192010015
402,-0.4452231292137211,-0.04355777669373331,钢铁行业,600399,0.9054290617085076,抚顺特钢,0.9767767916233093,0.9630873535025826
403,-0.10552860006201076,0.71485664573952,服装鞋类,600400,0.17405437960230055,红豆股份,0.7452926784921567,0.5917074462078995
404,0.4827384690813665,0.8763316139194192,电子信息,600406,0.7611870853203936,国电南瑞,0.9080299810951633,0.7138734769989887
405,0.6625572300348386,0.644714651131579,煤炭行业,600408,0.4970244292882152,安泰集团,0.0012630912286584683,0.3987957144963077
406,0.16214461234614844,0.597982964807427,电子信息,600410,0.3956105029033117,华胜天成,-0.21314708541219293,0.8897099441009227
407,0.6395686099065812,0.7833126901537294,发电设备,600416,0.5765076882580611,湘电股份,0.32457393790196115,0.782786328539048
408,0.7157122941596398,0.9106152842038543,汽车制造,600418,0.5295706237493576,江淮汽车,0.6665322636842897,0.7790953490606567
409,0.910775113483075,0.982260937181325,生物制药,600422,0.9575688656999842,昆药集团,0.9710846134510752,0.22902653202223316
410,0.8423955289026821,0.7408782956286833,水泥行业,600425,0.7361547209598894,*ST青松,0.08042402219295354,0.47244080038057734
411,-0.20484199919353965,0.4870093457735715,农药化肥,600426,0.07291570971178417,华鲁恒升,0.6284209338060721,0.49635951698819225
412,0.6345069259325878,0.2134074105581484,交通运输,600428,0.8007483240049897,中远海特,0.45345863281312354,0.3562642773375332
413,0.6162054582243134,0.37153170338688885,有色金属,600432,0.6831512514087831,*ST吉恩,0.09019051175944044,0.2900583667546373
414,-0.7275995953927166,0.7179153962546438,造纸行业,600433,0.1879779215912926,冠豪高新,0.5155444535460042,0.9465971217960919
415,0.15988322278350353,0.8397517076201105,机械行业,600435,0.1402805001238552,北方导航,0.13822797658806282,0.764828093443051
416,0.8371329428156108,0.9827151784400585,生物制药,600436,0.8803009771884203,片仔癀,0.9673953456955181,0.7497821962510332
417,-0.2871294031247034,0.618313585850347,农林牧渔,600438,-0.0663728311835491,通威股份,0.46562647372518245,0.8198370948590054
418,0.48497629383207763,0.539923210952637,服装鞋类,600439,0.8064508194139881,瑞贝卡,0.8387366314349284,0.3124249431385847
419,-0.2527444953724364,0.6090971780754841,纺织行业,600448,0.08814162911338841,华纺股份,0.14506950599189405,0.8877071561831207
420,0.7694796815060188,0.785451942352416,电力行业,600452,0.585084115799264,涪陵电力,0.5824476013310941,0.11910887598607728
421,-0.2788946828378307,-0.27888350818051855,电子信息,600455,0.16274363083655125,博通股份,0.1627304182152535,0.38023092661830044
422,0.15384551444646716,0.6632434069127393,有色金属,600459,0.4539327689073872,贵研铂业,0.5328131123372578,0.6705872771697422
423,0.7520673922990804,0.8178866684469971,电子器件,600460,0.8121651481666974,士兰微,0.5400844255938686,0.7191526121072124
424,0.027317612045785776,0.3941120685288606,房地产,600463,-0.5840933322024895,空港股份,-0.33746814907732686,0.7660230122957423
425,0.5334305293143615,0.7268657587500713,生物制药,600466,0.6019640542546221,蓝光发展,0.7805124156858799,0.9617247289403914
426,-0.09470331804033218,0.39648337482224166,农林牧渔,600467,0.5139622567630597,好当家,0.5477246730640215,0.4069403013148679
427,-0.6444266288609688,0.12406588951588435,电器行业,600468,-0.18157508785297155,百利电气,0.5335451312604619,0.08815238043737808
428,0.11895000359140855,0.3531138077310417,汽车制造,600469,0.19705541475358482,风神股份,0.16275979791801792,0.7993718299480188
429,0.35701316630284957,0.7437040851560126,农药化肥,600470,0.3705092009575566,六国化工,0.13106350243157883,0.8616027742265541
430,0.5986057130246711,0.7511496012219826,机械行业,600475,0.39265494238581033,华光股份,0.40385809248468674,0.6487510033092868
431,-0.4006634039191457,-0.20651428546863787,电子信息,600476,-0.0911423569172099,湘邮科技,-0.13364011180607133,0.5617794053543277
432,0.15720759611227578,0.465151485745026,电子器件,600478,-0.3210215637760379,科力远,-0.6008923951915013,0.7427349335387431
433,-0.055049265644105276,0.6563319139124293,生物制药,600479,0.6026026853942775,千金药业,0.5090594019397244,0.7968679421864474
434,-0.240050488543326,0.8513798477677726,电子信息,600485,0.8063606936056826,信威集团,0.8628326307217434,0.48583533787692856
435,0.5479959498118655,0.8862883318814262,农药化肥,600486,0.7794866534161176,扬农化工,0.9180700247499587,0.9018980806041168
436,0.4487604397280654,0.8724153387178326,电子信息,600487,0.5498522971314618,亨通光电,0.9303361261677325,0.9184714237494996
437,0.35108364771799416,0.4218209335258203,生物制药,600488,0.3534987782879708,天药股份,-0.050922645391604404,0.7682468103365627
438,0.2982725337029938,0.8569097859096133,化工行业,600490,0.3922210275938587,鹏欣资源,0.4838119231239546,0.840240085256414
439,-0.07525092162788238,0.35432012058352536,纺织行业,600493,-0.006813687016350381,凤竹纺织,-0.03358415784241705,0.8119717020513808
440,0.3739861649330953,0.8074805087107318,钢铁行业,600496,0.5648707045410046,精工钢构,0.6660387346809458,0.8243633225643237
441,0.5039691489457453,0.28281167492556486,有色金属,600497,0.6938287745100085,驰宏锌锗,0.1518043850399699,0.2427853876308403
442,0.04449852821129592,0.8274583014887995,机械行业,600499,0.65841056947668,科达洁能,0.9104904073734155,0.7945568371908027
443,0.09938700258118055,0.45461271040996926,汽车制造,600501,-0.5091425964010599,航天晨光,-0.3573616508251178,0.6924617887631097
444,0.7173841265431565,0.7815918648334119,电力行业,600505,0.5884934279987708,西昌电力,0.6086565478963125,0.5692973356081256
445,0.42002319160313206,0.7722207922689163,发电设备,600517,0.865004028656737,置信电气,0.9191052968989436,0.727607486802097
446,0.3642456063238657,0.9375645323984432,生物制药,600518,0.4383328093086451,康美药业,0.9603820420368402,0.7419960448010235
447,0.7804323747032499,0.8893482607420657,酿酒行业,600519,0.7913297669259413,贵州茅台,0.8659110605359894,0.6338813137648835
448,-0.42185663779462795,-0.12240427909491558,机械行业,600520,-0.2751703089712197,中发科技,-0.3111860685361777,0.6553159083428655
449,0.32854018067601354,0.9545107176177993,生物制药,600521,0.03224013080114899,华海药业,0.8955655245088551,0.6619581167778305
450,0.8889730979974411,0.9455624568090247,电子信息,600522,0.9122871681443394,中天科技,0.9492949716647326,0.8991041685050829
451,0.48804943464233574,0.7725433736303233,化纤行业,600527,0.4304728388414704,江南高纤,0.10121143989723855,0.7722530976050789
452,-0.16616894150196201,0.3557439721807737,建筑建材,600528,0.11923059361678945,中铁工业,0.21450062915124674,0.8460964355996186
453,0.6514221641589302,0.8016447968381187,玻璃行业,600529,0.7939214157244686,山东药玻,0.8707782656989853,0.5640533164274617
454,-0.37636903119168447,-0.5412255046421325,生物制药,600530,0.3132580245177208,交大昂立,0.5555391260821144,0.7160272126161461
455,0.7041525278963416,0.8330657505471575,有色金属,600531,0.11125361837848136,豫光金铅,0.1345923353591597,0.6030702281067295
456,0.8250816055296186,0.9811271874473831,生物制药,600535,0.8702484381279407,天士力,0.9885943128411894,0.72952990640051
457,-0.3618054547370897,0.7586630129637217,电子信息,600536,-0.5126983966098614,XD中国软,0.08844810118463606,0.9817932533274717
458,0.5526064695224101,0.468680581704463,电子器件,600537,-0.038567223958468774,亿晶光电,0.0670949001100024,0.15153046060347025
459,-0.2591382076385073,0.041146145653268226,农药化肥,600538,0.10275075267517313,国发股份,-0.11944910427875607,0.706293408042413
460,-0.33965880942395593,-0.3410903819329632,水泥行业,600539,-0.1888395334844955,狮头股份,-0.19036271590671566,0.4773981249622733
461,0.38368791574113636,0.5178809366053755,农林牧渔,600540,-0.03960657587827061,*ST新赛,-0.4434642156153595,0.8322331539578397
462,0.30374921131733323,0.6849600325529684,建筑建材,600545,-0.13881763440639178,新疆城建,0.06629270475104232,0.9076077604652363
463,0.819968974825725,0.7887995987699415,有色金属,600547,0.7431836610327438,山东黄金,0.8910317862732808,0.5525722803784104
464,0.3572722595550224,0.7435253360597517,发电设备,600550,0.4726874590019188,保变电气,0.3596036250181549,0.38967047719370435
465,0.3884808549793776,0.615669569888422,玻璃行业,600552,0.7472734729285698,凯盛科技,0.7438523587364989,0.72518806625315
466,0.04521102412102519,-0.5728203189004,酒店旅游,600555,-0.22721860305658156,海航创新,0.08265665845798977,0.8503950349256829
467,0.10023696422247834,0.9234836612643778,生物制药,600557,0.7884561941416975,康缘药业,0.9537354762458177,0.7066830532339037
468,0.6404281067614289,0.38024287641720184,钢铁行业,600558,0.7524646120053642,大西洋,0.6566548394321061,0.8226541894075158
469,0.23489612541906232,0.16200645194293406,电器行业,600560,0.23506070261866344,金自天正,-0.060713255535084956,0.887856574582603
470,0.4304490251187026,0.8076777924381768,交通运输,600561,-0.0995802089930901,江西长运,0.030330020151220143,0.446643272685374
471,0.8176446977913986,0.843717169449729,电子器件,600563,0.9010282779964894,法拉电子,0.919097209060915,0.6853680616701929
472,0.4130785102885608,0.40012537078135235,钢铁行业,600569,0.35986637524493575,安阳钢铁,0.282613402852367,0.4699059718851922
473,0.5727760749522405,0.9375311805554428,电子信息,600570,0.30902475631322734,恒生电子,0.5410638313953794,0.9661446561532614
474,0.5569864186321626,0.7574857063096078,电子信息,600571,0.6138437852124186,信雅达,0.7398058264316041,0.8146076525290012
475,0.03098026883588345,0.95276527266115,生物制药,600572,0.5663670639181335,康恩贝,0.9265669106060667,0.780925508814022
476,-0.33606549230142047,-0.3706341072142282,酿酒行业,600573,0.037850294221900956,惠泉啤酒,0.008667148469500572,0.6981851045021825
477,0.23227718741765405,0.4760958036655082,交通运输,600575,0.29867864658250104,皖江物流,0.013460664887588732,0.6037510754219609
478,0.5730174674864396,0.6206263866742474,电器行业,600577,0.5048209023886857,精达股份,0.7609046383807053,0.9185089687916517
479,0.3078106141874848,0.5797810934522051,电力行业,600578,-0.15411454168523037,京能电力,0.6295169525071448,0.7786136693348096
480,0.68501225569184,0.8222686083112379,发电设备,600580,0.43913837558717156,卧龙电气,0.6654021421486601,0.8992993538908954
481,0.521471027313606,0.4650357053352597,石油行业,600583,0.6162493835627564,海油工程,0.431878357281319,0.481682603276979
482,0.7529651513295662,0.8899518642284274,电子器件,600584,0.2119134342849331,长电科技,0.2871383742900727,0.5868663239105897
483,0.6525011151613874,0.8132718448884748,水泥行业,600585,0.4778409373809678,海螺水泥,0.8109670111720163,0.7122365126601347
484,0.8384508523494607,0.9331816064374356,医疗器械,600587,0.7956759060043707,新华医疗,0.8718716487130275,0.6717807273587231
485,0.13506219953211016,0.764521715791834,塑料制品,600589,0.300405505487003,广东榕泰,0.24583316419372755,0.8108190033044838
486,0.8462223646904776,0.8450669551504973,酒店旅游,600593,0.7137448879266439,大连圣亚,0.7119695466495143,0.3428106913045701
487,0.22160446387699748,0.9575919446429273,生物制药,600594,0.44805165048230844,益佰制药,0.7564655531046686,0.6515766876729495
488,0.11733603023066465,0.5432130157462246,有色金属,600595,0.6112505087920002,中孚实业,0.3382437750624282,0.3251735380881006
489,0.7628292154387861,0.4356407021985464,农药化肥,600596,0.770110238059735,新安股份,0.5829135975803468,0.05309034991317231
490,0.1510884482812376,0.20116788285872902,农林牧渔,600598,0.11186971140456536,北大荒,0.11495652318716994,0.6567226549522717
491,0.013598349046478624,0.32763811144908,化工行业,600599,0.46638896250208395,熊猫金控,0.5088125333258436,0.8010413338193085
492,0.9169407325413181,0.9369650123899937,酿酒行业,600600,0.9303724614251898,青岛啤酒,0.9323798805539005,0.358069659011356
493,0.0016526645226227657,-0.1294585739829006,交通运输,600611,0.5655128230087647,大众交通,0.8614640878095635,0.8480237864044772
494,0.8733642492197471,0.909873486635021,服装鞋类,600612,0.8741236917723556,老凤祥,0.9313788574166534,0.10585068049299427
495,-0.2735185793812921,-0.13298808841608378,房地产,600615,-0.31534651783198664,丰华股份,-0.29175123774490264,0.42658641139693737
496,0.4235552379329846,0.17017144822227148,酿酒行业,600616,0.42914046104612147,金枫酒业,0.2685211161156319,0.2935934862509479
497,-0.08698077789944726,0.667020648107321,机械行业,600619,0.18534797479370296,海立股份,0.2356972437150057,0.8811575492635803
498,-0.12638667531600986,-0.23567143354125406,综合行业,600620,0.177044772217418,天宸股份,0.26183262320358075,0.5679300070409072
499,-0.43211050802164724,-0.5026431566957915,房地产,600621,-0.007606792816122948,华鑫股份,0.06025372640233645,0.8080554349948622
500,0.3832178985291983,0.6839349551829434,综合行业,600622,0.40861783881828156,嘉宝集团,0.6404927852326351,0.6790469915012814
501,0.7262412874289588,0.8463910057796104,汽车制造,600623,0.446428741419857,华谊集团,0.7956472131865397,0.816058993159041
502,0.25308276579809064,0.7835491489703417,纺织行业,600626,0.12363088954805655,申达股份,0.42940998155580007,0.8694246053056561
503,-0.011482213222177773,0.34612799308695896,商业百货,600628,-0.30629970201192386,新世界,0.011419728594567372,0.7210915581982467
504,0.3168698616060948,0.31715143301391246,纺织行业,600630,0.29451705893763047,龙头股份,0.2937000960250282,0.7517771759966025
505,0.5768586032261821,0.9656904762538824,传媒娱乐,600633,0.8884181831876099,浙数文化,0.9641684257130253,0.9144310267648492
506,0.7875664719180419,0.8268012287915314,化工行业,600636,0.5478261483580559,*ST爱富,0.3793365274012973,0.6565755449192336
507,0.18511584803534162,0.5990424610903415,传媒娱乐,600637,0.7392889217342469,东方明珠,0.7791884103901203,0.6296008341386928
508,-0.023558332574593763,0.293115753045093,开发区,600639,0.29985429585667067,浦东金桥,0.5536983719870269,0.8618499323440572
509,0.4704103970192888,0.7198670835026518,房地产,600641,0.8347084509845729,万业企业,0.7663699512295823,0.6061989694043708
510,0.5037453936891692,0.7294428924786232,生物制药,600645,0.690898386042676,中源协和,0.7679504761214581,0.7611323154862117
511,-0.12526118319096383,-0.09597189050114036,交通运输,600650,0.042290220134938473,锦江投资,-0.04468999222771351,0.8260924084191864
512,0.657175584402463,0.8256622864837816,仪器仪表,600651,0.7687798305495777,飞乐音响,0.8950383215092328,0.8438169759537109
513,-0.7996709962740063,-0.595167617174626,煤炭行业,600652,0.060349676561255124,游久游戏,0.2127126195973414,0.8574899001135424
514,-0.10300608324811376,0.09179129729276907,汽车制造,600653,0.39906047304011877,申华控股,0.40087716864505557,0.8161287818084526
515,-0.15692381354264212,0.8496405143873353,开发区,600658,0.8351027432768131,电子城,0.8619047824794406,0.7793073700659833
516,0.19429874073224193,0.8268386778435985,汽车制造,600660,0.21561236417603832,福耀玻璃,0.8404346055253914,0.4921160566315874
517,0.4728708126432807,0.6242684856249803,交通运输,600662,0.16904499001826637,强生控股,0.4606572544603795,0.9475580880141617
518,0.3209239720879361,0.2368280806649861,生物制药,600664,0.7636809056194535,哈药股份,0.709775445383118,0.36183268989674544
519,-0.050313110650294535,0.24613720021985336,房地产,600665,-0.2075249261883889,天地源,0.035872138376351254,0.7585204189867628
520,-0.12748821702694194,0.5699978753098289,电力行业,600674,0.3074730760801317,川投能源,0.8739738486297469,0.8594877554932483
521,-0.13627268724377634,0.19662423625631595,房地产,600675,0.18942881896690955,中华企业,-0.2793767388901111,0.6625381535776759
522,0.09111440195493489,0.32461527154502134,电子信息,600677,0.35517343690692027,航天通信,0.3378025634281187,0.8124071026166072
523,-0.546446180181025,-0.551613556186653, ,600679,0.5970155977840956, ,0.5976875713239496,0.603778177803891
524,0.5345392587015462,0.9290330756020524,商业百货,600682,0.246137556240886,南京新百,0.7826336853838533,0.6689698637791972
525,0.1356860851512605,0.6511216476242643,房地产,600683,0.15469772273899132,京投发展,0.6132247547702783,0.6174134626342195
526,0.4936416975462529,0.9204601135561792,房地产,600684,0.4728436891875898,珠江实业,0.6964163167512917,0.9396633475491413
527,0.043166914511357894,0.7486075182891698,汽车制造,600686,0.10880231395207951,金龙汽车,0.06105884184199395,0.3940151460249231
528,0.6014600935374311,0.9672807517182327,综合行业,600687,0.548215329088435,刚泰控股,0.9379968047732516,0.9569126430303386
529,-0.12992269489950234,-0.12992471511112874,纺织行业,600689,0.4741177657768435,上海三毛,0.4740858202958623,0.76126134012938
530,0.5200204490744739,0.5710367094995757,商业百货,600694,0.054852492776881936,大商股份,0.1257038145649516,0.4523046948241019
531,-0.4307678116694655,-0.4362183696700289,食品行业,600695,0.5628689580744127,绿庭投资,0.5610988119311169,0.7368110330111016
532,0.752425151347325,0.8004697212236715,商业百货,600697,0.7253094923054667,欧亚集团,0.7795776996024958,0.6190236164490401
533,0.22762225707005918,0.5934109482960622,综合行业,600701,-0.11973872331459025,工大高新,0.08329670532062636,0.7182762791217971
534,0.8321704608239373,0.8370166899238538,酿酒行业,600702,0.7089235611124415,沱牌舍得,0.6944651984018303,0.4827219109690867
535,-0.49915082536528205,-0.4684381736965919,电子器件,600707,0.2063287530850197,彩虹股份,0.1249886665479125,0.44741069800996724
536,0.2439245360006138,0.4108958725004941,机械行业,600710,0.47012230803139543,*ST常林,0.25925008060715354,0.5165835734644526
537,-0.42873656903837104,0.17471565084764454,房地产,600716,0.4290572664527549,凤凰股份,0.37983578219912534,0.6992252611657592
538,0.11138151817586048,0.570381145257244,电子信息,600718,0.30939209552208163,东软集团,0.4934223362599239,0.7106820673077782
539,-0.09143289410973567,0.5917709486430883,供水供气,600719,-0.4606006099382226,大连热电,-0.18948874215775213,0.8313096523184866
540,0.6586632062841786,0.6298556324586475,水泥行业,600720,0.7757797561937346,祁连山,0.694082807811373,0.6243142442255127
541,0.5863768045629106,0.6001544715433446,商业百货,600729,0.6363520335987372,重庆百货,0.6311947440065643,0.2307196313911415
542,-0.4587702006183577,-0.496482717144485,综合行业,600730,0.29874239916273043,中国高科,0.7062243726632224,0.9320953064082854
543,-0.05075442881557147,-0.2725937847989375,房地产,600732,-0.20417593019730015,*ST新梅,-0.730129516188693,0.6924801261699198
544,0.47499234679202806,0.7129201564595888,开发区,600736,0.5030518656305571,苏州高新,0.6365337008934953,0.7315818354958613
545,0.4850174960892392,0.5322366987495396,商业百货,600738,0.38184789522466234,兰州民百,0.37303510033402987,0.7917179126603787
546,0.7706962685209203,0.8292471321004246,汽车制造,600742,0.8980265711899912,一汽富维,0.8979401875314204,0.4705461945053661
547,0.10442468016651213,0.2569138187925205,纺织行业,600735,0.2322108529348774,新华锦,0.34517037961778757,0.9437656316721692
548,0.490843654681124,0.48786505415119097,化工行业,600746,0.04027209013833651,江苏索普,0.039608362791361006,0.721059196823393
549,-0.21708480284971074,-0.10849595842813749,电子器件,600747,0.1732831286903651,*ST大控,-0.006245754707041066,0.5250428662682644
550,0.012932700063741061,0.22203661576845227,房地产,600748,-0.16509008249843984,上实发展,0.04455157168591319,0.5270836891519448
551,0.8277265439567961,0.8478913754131496,酒店旅游,600754,0.8619205348788134,锦江股份,0.9345558707040617,0.7322921675339852
552,-0.035362492926410194,0.6614607434161538,物资外贸,600755,0.4305834624864436,厦门国贸,0.5895454408271317,0.8134527333842535
553,-0.4085243906850355,-0.21993520929548316,酒店旅游,600749,-0.4689335028200641,西藏旅游,-0.4491279759449067,0.8210399119751624
554,0.5385657278331936,0.5597666866919256,汽车制造,600760,-0.5485403625566008,中航黑豹,-0.5864447979731684,0.7487363463893115
555,-0.4548349143656509,-0.45683008032322714,电子信息,600764,-0.4550873759230915,中电广通,-0.4575609262821965,0.6587708113560538
556,-0.08640092890656559,-0.010874251700131612,有色金属,600768,0.1065373351043633,宁波富邦,0.036760706150602375,0.35440477768552814
557,-0.2648959362227351,-0.2649110351812097,房地产,600767,-0.48230898396196376,*ST运盛,-0.48229315932479666,0.907501714464768
558,0.2817499768127649,0.5734134666579918,综合行业,600770,0.6738923172337752,综艺股份,0.08845155013928964,0.7203211988937206
559,0.6648168997918948,0.7634964770954976,商业百货,600774,0.06679772771229456,汉商集团,0.14327911218313533,0.370868082851212
560,0.6313603827814827,0.7619059199920307,电子信息,600775,0.08601106629230496,南京熊猫,0.32202994943934515,0.8757840877853454
561,-0.4824764731818866,-0.419592471434042,电子信息,600776,0.4213830125700931,东方通信,0.5684377171286056,0.7773163897065813
562,-0.6340283458559202,-0.551470016544814,综合行业,600777,-0.19173486153242075,新潮能源,-0.45930834667524306,0.8532884551915159
563,0.7835430747497353,0.7759871629577896,酿酒行业,600779,0.6261729889347831,水井坊,0.5938493771996146,0.17836093437327108
564,0.18112175143214423,0.3224222399960236,电力行业,600780,0.2963802948965938,通宝能源,0.31099961514054025,0.6341883942056945
565,0.22537604675382597,0.6520492726352121,商业百货,600785,0.3779072378535892,新华百货,0.5596524754252399,0.3743039486148186
566,0.6673560369677122,0.756340420457206,生物制药,600789,0.38091080868270205,鲁抗医药,0.4076532028468844,0.8458894790411778
567,0.6391951871584539,0.767198565477277,交通运输,600794,0.794862863082737,保税科技,0.19649047301268074,0.8716449565189133
568,0.6136149556720545,0.4837871344715305,电力行业,600795,0.4306741327913553,国电电力,0.3596763038879711,0.8157867896632881
569,0.17729878522704948,0.51938405779787,农药化肥,600796,0.24058379069126407,钱江生化,0.1462320845671233,0.6771122270617685
570,-0.2709552277107588,0.07373937487514202,电子信息,600797,0.5284439474768027,浙大网新,0.5663428984969743,0.7405270630538296
571,0.45860144592456376,0.6059965439990718,水泥行业,600802,-0.18667677059894316,福建水泥,-0.1923113906485923,0.7717434188132875
572,0.6500315304241631,0.6785228680857682,农药化肥,600803,0.519977551282187,新奥股份,0.5823077497956539,0.45594987856325747
573,0.30354086220758064,0.6448084143553532,综合行业,600805,0.6963159111284115,悦达投资,0.6102207820347312,0.6558742263176188
574,0.40246226565777093,0.6560189829949378,机械行业,600806,0.5982504828751856,*ST昆机,0.3497397786880064,0.48116273436090645
575,0.19303111672561077,0.8917042104295356,电子信息,600804,0.8290839686672853,鹏博士,0.9419947351689403,0.698019854762705
576,-0.12052298387743941,-0.0792913075005928,钢铁行业,600808,0.2861827168012646,马钢股份,0.18886450867541504,0.26733636283365747
577,0.6199385512957298,0.5229176547432134,生物制药,600812,0.3175808245970996,华北制药,0.28852537374473436,0.37062324357976745
578,0.5509867231772274,0.6647994035890015,商业百货,600814,0.7553000084027195,杭州解百,0.7297404448135193,0.8322910676160828
579,0.540960525601764,0.6401861375923155,机械行业,600815,0.1870989449277048,*ST厦工,0.07235321580855672,0.5782705746261986
580,-0.5400768565159622,-0.4575898591556727, ,600818,0.4546851093126174, ,0.5500392115554328,0.7335997111901768
581,0.3592551886181385,0.4301056314540862,玻璃行业,600819,0.02678884046300504,耀皮玻璃,-0.08484858375307347,0.24016662977777223
582,0.5009149060080507,0.7440048444466326,建筑建材,600820,0.39335855998977726,隧道股份,0.6925632720481274,0.8669892904409474
583,-0.07415233313943266,0.4367438360547638,房地产,600823,0.005249016009065522,世茂股份,0.4307302070984006,0.6362632290437312
584,-0.48656620446644416,0.6977875431392178,商业百货,600824,-0.3670434344109099,益民集团,0.630394443833299,0.8747112147130167
585,0.05075847324750861,-0.5988666083916194,传媒娱乐,600825,0.662054133912281,新华传媒,0.4216318253390169,0.4468238396019954
586,-0.10427093690064956,0.5145125005715878,物资外贸,600826,0.6984732939520084,兰生股份,0.8245986288538841,0.7648427935167863
587,-0.03577027807628606,0.7620486836292255,传媒娱乐,600831,-0.09781583669782329,广电网络,0.7278886722938639,0.7393295226325389
588,0.3782703024562127,0.38320005089117937,交通运输,600834,-0.5583013402357875,申通地铁,-0.5192796663754633,0.900753973803532
589,0.48749588719239334,0.6332444982605651,交通运输,600835,0.8153836563748601,上海机电,0.9000659870043864,0.6779785469763413
590,0.026330490541686215,0.4425108153426177,家电行业,600839,-0.43443351351663717,四川长虹,-0.44821151723202235,0.8309999784416716
591,0.04567122472921426,0.35832514424242473,纺织机械,600843,0.6801618115058612,上工申贝,0.7146422479269839,0.8270899137057505
592,0.37077180165766577,0.3712310844630034,化工行业,600844,0.2511851779017067,*ST丹科,-0.01038650940362766,0.35640342123822766
593,0.13149439530996454,0.7381812730826813,综合行业,600846,0.5685480234092372,同济科技,0.8473318776594512,0.8967031288335924
594,0.6363105340368804,0.8416920056705651,电器行业,600847,-0.4262329567804275,*ST万里,-0.6037485313609214,0.7644719479725487
595,0.8900761839405946,0.8657579393159252,电子信息,600850,0.8781802510978094,华东电脑,0.8754718081704239,0.24406560031520133
596,0.17130426917575672,-0.5918983950624437,纺织行业,600851,0.3885833093299385,海欣股份,0.18431609519948766,0.4939813616103588
597,0.37904932195178576,0.4395005304903612,建筑建材,600853,0.3653785654677859,龙建股份,0.36660640550696433,0.8596687215449506
598,0.9257427315913802,0.9018683628786305,商业百货,600856,0.696554485692838,中天能源,0.9022695728602718,0.5707873836741135
599,0.5080875315246101,0.46308433700942025,商业百货,600859,0.504931374016913,王府井,0.4839797031073557,-0.003366632066138048
600,0.5688978284968174,0.5999772881253654,商业百货,600861,0.6517971886630667,北京城乡,0.6791120754842005,0.6953801596328122
601,0.6305132601788203,0.48221939873729563,电力行业,600863,0.4901547701638352,内蒙华电,0.38292024612338266,0.752788144100193
602,0.5290821746500965,0.628582823915332,食品行业,600866,0.2997459932609334,星湖科技,0.23422150817530696,0.4911975933975905
603,0.7638446256689753,0.9617868437361737,生物制药,600867,0.7519464033548998,通化东宝,0.9228217429322164,0.4950979271807236
604,0.6854536918990431,0.7950821568961361,电力行业,600869,0.4866096032553847,智慧能源,0.7130524459011289,0.8431696298740018
605,-0.010975013117273195,0.20465449666291025,石油行业,600871,0.4180930491359234,石化油服,0.07000559292029797,0.4359986560538546
606,0.589966720612037,0.6687525328446982,环保行业,600874,0.49809763084809255,创业环保,0.5729631723510399,0.831280794743183
607,0.774880574170042,0.5946862995793379,发电设备,600875,0.5247003996486974,东方电气,0.5641650938727238,0.13907878263617904
608,0.20955129778250584,0.6397163732494702,飞机制造,600879,0.3938433815193351,航天电子,0.6270809401966577,0.7056219850650289
609,-0.6393458762028769,-0.642491018986498,水泥行业,600883,0.383522970848656,博闻科技,0.37748649999102857,0.6647111857972476
610,0.6072393073095328,0.8287744322524325,服装鞋类,600884,0.6542408528238913,杉杉股份,0.7332606774305159,0.7930749314589162
611,-0.0718730542153717,0.63463100242891,电力行业,600886,0.04885572715442794,国投电力,0.7966405085161266,0.9111112118567433
612,0.11706824237996816,0.9624972840061529,食品行业,600887,0.31915732925920626,伊利股份,0.9446288995688628,0.8363186377423109
613,-0.5252189555927758,0.10618584363783114,有色金属,600888,0.5254484325590388,新疆众和,0.4173237662777679,0.23092800281776177
614,0.12147483370390508,-0.022035159234250826,房地产,600890,0.19030600177879034,中房股份,0.24790450209886636,0.6541370113948205
615,0.5227059957731607,0.5741999696356918,商业百货,600891,0.7480360373004732,秋林集团,0.7275734163079559,0.7142956680847983
616,0.7786457734749836,0.9047376122976397,飞机制造,600893,0.8963728183077835,航发动力,0.9507293114498717,0.820491405991211
617,0.4332508785851829,0.47713831690106717,开发区,600895,0.6980598418708669,张江高科,0.6744867058338079,0.8069236968787128
618,-0.1147298670429367,0.3287390250714557,交通运输,600896,0.2095005753684982,览海投资,-0.07869369417212987,0.6750060938691798
619,0.7162872907898098,0.7734757371152363,交通运输,600897,0.5995952319436895,厦门空港,0.6574398058084024,0.7669132302733525
620,-0.09148333839266796,0.6761098724193398,电力行业,600900,0.06908865863563347,长江电力,0.735181753476102,0.39508544823112485
621,0.31075862273618854,0.45901770535368686,汽车制造,600960,0.5285118105061722,渤海活塞,0.49394510304920447,0.8459889432055702
622,0.806484998073636,0.896209540997369,生物制药,600976,0.7647746956937821,健民集团,0.7994183684065477,0.17892153515223433
623,-0.156850757360787,0.297366609603467,公路桥梁,600020,0.6438608444077392,中原高速,0.5784123420107775,0.8433808242150045
624,0.1627990173453338,0.3522382600543408,电力行业,600021,0.3126656137874932,上海电力,0.3848824620361045,0.8766856492514689
625,0.013517908529182129,0.10168090982441975,石油行业,600028,0.34893750486478503,中国石化,0.13202341482239907,0.3385058898643596
626,0.9176279972991371,0.9263630069103052,金融行业,600030,0.9255093663148867,中信证券,0.901555911176467,0.7630779002903091
627,-0.09554190967606416,0.5752613789060936,公路桥梁,600035,0.5203634814237315,楚天高速,0.7646382069792632,0.8557953906457114
628,-0.49639472229387255,0.28476292574339623,传媒娱乐,600037,0.27852610444807985,歌华有线,0.5598994724513052,0.5719225779346083
629,0.02437581060259944,0.12671441044252466,电子信息,600050,0.4886867598278604,中国联通,0.4453827630261137,0.6066834467944116
630,0.5979890429957245,0.6351930059069818,房地产,600052,0.23648278941196685,浙江广厦,0.17274666842053082,0.5132765195656759
631,0.23827201843036577,0.9091035557694988,家电行业,600060,0.6776944592831806,海信电器,0.8278357208012859,0.8843375084921238
632,-0.04916925413843819,0.5424102806109883,生物制药,600062,0.6355292804025814,华润双鹤,0.7789590533288979,0.31308373725044286
633,0.5923447666205095,0.6586106081331485,化纤行业,600063,0.7650868569409337,皖维高新,0.4049918891292835,0.7754001164713853
634,0.8448878635144422,0.6375009843151078,商业百货,600122,0.6916479281805198,宏图高科,0.709679675336758,0.7304602950875565
635,-0.20877118376198273,-0.32820905318357463,纺织行业,600156,0.31654633736143867,华升股份,0.3220298530681551,0.7928462600016397
