,bipsVp,busincomeVp,c_name,code,epsVp,name,nprtVp,volVp
0,-0.00275461550063,0.711690022776,金融行业,000001,0.232943794025,平安银行,0.712288027495,0.758875687013
1,0.334372156756,0.386930196433,房地产,000005,0.310501630369,世纪星源,0.284443237958,0.79269768424
2,-0.0835024397454,0.610072990013,房地产,000006,0.600615356726,深振业Ａ,0.621149346648,0.946507513841
3,0.199155317771,0.975867533229,综合行业,000008,0.0224591700087,神州高铁,0.890335487835,0.977353107901
4,0.146109581483,0.0935014172826,建筑建材,000010,0.36504586693,美丽生态,0.334326617934,0.139230759807
5,-0.325588719715,0.35811923587,房地产,000014,-0.206657951687,沙河股份,0.334377668971,0.467265200166
6,0.829552455583,0.970492250925,纺织行业,000018,0.708752307313,神州长城,0.960525810793,0.893430567725
7,0.14147855074,0.318475215707,食品行业,000019,0.0818988755685,深深宝Ａ,0.373272055595,0.938250478467
8,0.38061809775,0.380610997391,电子器件,000020,0.0984281345667,深华发Ａ,0.0983099460656,0.82050528089
9,0.375862806156,0.592162819635,电子信息,000021,0.650301051265,深科技,0.195962787843,0.797522270183
10,0.560710262886,0.553472580165,交通运输,000022,0.621353482987,深赤湾Ａ,0.269029784084,0.52485404943
11,-0.533164542711,-0.467853879608,汽车制造,000025,0.376143784993,特 力Ａ,0.45087667283,0.850326664039
12,0.446202525867,0.707428425996,商业百货,000026,0.610965694819,飞亚达Ａ,0.759026254785,0.620718944361
13,-0.0879846760358,0.234531655339,电力行业,000027,0.40153261858,深圳能源,0.549839791557,0.805807870036
14,0.921472158211,0.953632149611,商业百货,000028,0.941199624,国药一致,0.957071005796,0.166672956279
15,-0.537463749243,0.616081682497,电子信息,000032,-0.262658320599,深桑达Ａ,-0.0487632670539,0.55599841918
16,0.099963600009,-0.0466988217716,电力行业,000037,0.377420251577,深南电A,0.355779114329,0.416572585987
17,-0.02985254749,0.710352151698,房地产,000042,0.608387209606,中洲控股,0.639884108688,0.724798680662
18,0.248094877329,0.764282134839,房地产,000043,0.0856540647458,中航地产,0.435230169316,0.902370184575
19,0.341132113663,0.561542977701,纺织行业,000045,-0.0848160408377,深纺织Ａ,-0.115211561586,0.611383276291
20,0.579449004318,0.706723540828,房地产,000046,0.562473183835,泛海控股,0.727040003626,0.686470049752
21,0.80540675588,0.942883292127,建筑建材,000055,0.744690617509,方大集团,0.858109969598,0.63650339444
22,0.206978923737,0.248122796981,石油行业,000059,0.351075694467,华锦股份,0.377916248447,0.602536470037
23,-0.0455679632168,0.42959966377,有色金属,000060,0.543112390231,中金岭南,0.240858083038,0.663561828128
24,-0.237499207607,-0.269514027291,电子器件,000068,0.27298345244,华控赛格,0.265282573681,0.086428380927
25,-0.324159178081,0.554142522755,酒店旅游,000069,-0.0848089970049,华侨城Ａ,0.526168847479,0.612320101837
26,0.395939901735,0.744802964709,生物制药,000078,0.501998055207,海王生物,0.709354326512,0.761342784419
27,0.696218845416,-0.0715857278366,交通运输,000088,0.711563094892,盐 田 港,0.014211497471,0.657888441404
28,-0.4841966771,0.0491460528759,交通运输,000089,0.0621135239518,深圳机场,0.1404442555,0.694347174448
29,0.17867093316,0.846849109299,建筑建材,000090,0.102313839711,天健集团,0.642636437277,0.720745644564
30,-0.332725712868,-0.388742642783,石油行业,000096,0.67301384196,广聚能源,0.642728822748,0.673354338225
31,0.650234576982,0.78231369664,交通运输,000099,0.352340796438,中信海直,0.498300927203,0.894387024179
32,0.097458765957,0.705122000442,家电行业,000100,0.321023969345,TCL 集团,0.712453583351,0.781412625876
33,0.654535133007,0.792573229576,医疗器械,000150,0.619386792847,宜华健康,0.637231599507,0.374214947567
34,0.801615414172,0.92055998029,机械行业,000157,0.832604969652,中联重科,0.765010503763,0.493082863161
35,0.262461130878,0.785637436367,纺织行业,000158,0.698262598479,常山股份,0.814933678001,0.783627484275
36,-0.183076339241,-0.227805257786,综合行业,000301,-0.179049194314,东方市场,0.101846789563,0.78647888894
37,0.590561860263,0.812380664312,发电设备,000400,0.508861693014,许继电气,0.778678232115,0.633251133669
38,0.554071415994,0.548678426816,水泥行业,000401,0.45364214626,冀东水泥,0.442442065191,0.322614075997
39,-0.302210133683,0.400013038784,房地产,000402,0.667001823184,金 融 街,0.614015885801,0.705433529647
40,0.631572215078,0.679308608634,机械行业,000404,0.581164454834,华意压缩,0.604025737941,0.662370323514
41,0.280626971717,0.790418455322,塑料制品,000407,0.361383699078,胜利股份,-0.080255225158,0.833067626056
42,0.864484830554,0.910594330035,商业百货,000411,0.502948752681,英特集团,0.588241659275,0.685581652969
43,0.497617493389,0.918210966201,电子器件,000413,0.709017453871,东旭光电,0.961450518026,0.885052597899
44,0.113479721304,0.722892795541,金融行业,000415,0.290958719394,渤海金控,0.786070550088,0.901106156529
45,-0.561995747801,-0.62435819451,商业百货,000416,0.20040950847,民生控股,0.145124896297,0.444791307449
46,0.488554708823,0.738500064839,商业百货,000419,0.15375859151,通程控股,0.493186356933,0.773570426241
47,0.119027530827,0.391760244869,化纤行业,000420,0.0348744952204,吉林化纤,0.0585128816833,0.714363197973
48,0.480883157734,0.515386797992,农药化肥,000422,0.652343348987,湖北宜化,0.466285020936,0.417153792804
49,0.820056987556,0.780118984642,机械行业,000425,0.899318165645,徐工机械,0.829549325555,0.212404870884
50,-0.137190760067,0.515009138989,有色金属,000426,0.403740277412,兴业矿业,0.363532559282,0.816556806916
51,-0.222337275656,0.477242197936,酒店旅游,000428,0.547327803942,华天酒店,-0.0160214539538,0.711627743506
52,-0.287568833646,0.264320020793,造纸行业,000488,0.558421924947,晨鸣纸业,0.749259019308,0.67218995348
53,0.112687268251,0.611182477535,交通运输,000507,0.746132905019,珠海港,0.26262357605,0.794739258213
54,-0.178123122808,-0.175812142277,化工行业,000510,-0.253973908919,金路集团,-0.263490817679,0.703074293517
55,0.875607470198,0.934384639832,生物制药,000513,0.772102147118,丽珠集团,0.863442165299,0.234531838441
56,0.177590683247,0.178956390623,酒店旅游,000524,0.108295737547,岭南控股,0.112921131123,0.701343689788
57,0.845959299543,0.78679557784,机械行业,000528,0.762779801828,柳 工,0.68727133025,0.207940940698
58,0.373343487656,0.331946412724,电力行业,000531,0.25515383195,穗恒运Ａ,0.710544337071,0.920092454444
59,0.57358949633,0.638709884352,家电行业,000533,0.563531814102,万 家 乐,0.603078794671,0.70392042471
60,-0.167231660622,-0.0995075563239,房地产,000534,0.376103803589,万泽股份,0.294550926378,0.838316710442
61,0.210804498749,0.239304645474,房地产,000537,0.161323174336,广宇发展,0.167662739168,0.644178977311
62,0.933507847155,0.975272005677,生物制药,000538,0.921476842518,云南白药,0.974910056286,0.704907947135
63,0.209335341336,0.84700951076,房地产,000540,0.580283193988,中天金融,0.891647503046,0.954089069788
64,-0.0925404373429,0.272138832217,环保行业,000544,0.90365776419,中原环保,0.704410273932,0.591781819358
65,0.372854910725,0.308341405278,水泥行业,000546,0.338387970368,金圆股份,0.316936876478,0.437891268154
66,-0.273444441128,0.795410163009,电子信息,000547,0.280047264892,航天发展,0.81001503717,0.933161183686
67,0.246269406935,0.489336789328,公路桥梁,000548,0.50975369933,湖南投资,0.534128473931,0.838090131514
68,0.879179027015,0.921912222879,汽车制造,000550,0.905704277255,江铃汽车,0.894373674038,-0.00516836051858
69,-0.0802674590069,0.0188150813748,石油行业,000554,-0.024272394822,泰山石油,-0.0877883004875,0.467800710845
70,0.353804426636,0.692874719975,房地产,000558,-0.182857481611,莱茵体育,-0.642742873617,0.956565937125
71,0.289331900501,0.757026218839,汽车制造,000559,0.7657731406,万向钱潮,0.901763008125,0.816552879844
72,-0.042401720533,0.614336039493,化工行业,000565,0.16314656588,渝三峡Ａ,0.538393621065,0.887731256674
73,0.781358428554,0.914381791522,生物制药,000566,0.590772400556,海南海药,0.874259028792,0.819482879117
74,-0.178030362826,-0.178027721119,房地产,000567,0.00733684481193,海德股份,0.00749524993137,0.608528674111
75,0.497238420797,0.773060669567,酿酒行业,000568,0.623645708926,泸州老窖,0.792709620326,0.28793723616
76,-0.138910990632,0.621648138536,机械行业,000570,0.337542413301,苏常柴Ａ,0.338473245885,0.796030002784
77,-0.807932986416,-0.782189084361,煤炭行业,000571,0.377503587119,新大洲Ａ,0.375860852294,0.825874535242
78,0.199023977566,0.194290090742,汽车制造,000572,0.626778007791,海马汽车,0.441221101557,0.100524452879
79,0.656762052046,0.929416803038,汽车制造,000581,0.763109938293,威孚高科,0.894139424948,0.332899468223
80,0.0894863432546,0.540892270502,交通运输,000582,0.622432945763,北部湾港,0.579381159678,0.911969666344
81,-0.226112010354,-0.226117828931,发电设备,000585,-0.596295286565,东北电气,-0.596305951679,0.72877915472
82,0.70406566179,0.647263331048,汽车制造,000589,0.485030570777,黔轮胎Ａ,-0.0509157942188,0.664949429615
83,0.0392667927528,0.210625985842,生物制药,000590,0.150911754465,启迪古汉,0.106508984819,0.258731233848
84,-0.583595207799,0.398791922282,商业百货,000591,0.840725820566,太阳能,0.82168681142,0.75906291548
85,0.279250675936,0.629665270715,供水供气,000593,-0.137801452924,大通燃气,-0.222755762828,0.831097714215
86,-0.46252881211,-0.0440130158298,机械行业,000595,-0.291225549088,*ST宝实,-0.437737750145,0.787295049319
87,0.812823433073,0.865187770997,酿酒行业,000596,0.863489099417,古井贡酒,0.934154110674,0.392775160971
88,0.825069155282,0.776684129494,生物制药,000597,0.381459100303,东北制药,0.349651438842,0.356685809615
89,0.133532137169,0.72891215196,环保行业,000598,0.507258746135,兴蓉环境,0.886281947199,0.810665269855
90,-0.192328561319,0.175969508226,汽车制造,000599,0.0615729997826,青岛双星,0.0772645444169,0.865388678733
91,-0.144489541158,0.439028161399,电力行业,000600,0.40753056851,建投能源,0.623994956367,0.667099005174
92,0.222784899502,0.583442835711,电力行业,000601,0.527491484605,韶能股份,0.640503772998,0.685878004707
93,0.722414729421,0.807608640233,有色金属,000603,0.800342513372,盛达矿业,0.829656784728,0.37242058091
94,-0.340384303662,0.336808095263,生物制药,000606,-0.349416431842,神州易桥,-0.313115368658,0.831394713539
95,0.537245800524,0.427877622102,房地产,000609,0.571725264548,绵石投资,0.413835520856,0.746225761905
96,0.590530659948,0.764966335485,酒店旅游,000610,-0.100130621929,西安旅游,-0.0338316196738,0.905799090408
97,-0.436439100989,-0.285597320683,纺织行业,000611,-0.589466847401,*ST天首,-0.634028404041,0.811326565345
98,0.20729321352,0.854243116362,化纤行业,000615,0.463184597981,京汉股份,0.626083651717,0.888577296489
99,0.434228032341,0.759768282776,物资外贸,000626,0.712724836293,远大控股,0.884775011816,0.81764514686
100,0.0218826177098,-0.0506529124041,化工行业,000627,0.620801353651,天茂集团,0.565737123396,0.841764385729
101,0.0679346933257,0.32992813572,开发区,000628,0.0752646659701,高新发展,0.110566197038,0.81442157529
102,0.682669717357,0.784384184622,钢铁行业,000629,0.25861521764,*ST钒钛,0.110830097725,-0.0148783921038
103,0.69125043106,0.562428771484,有色金属,000630,0.664709407169,铜陵有色,0.360082324908,0.229592071163
104,0.052838365234,0.440543776758,电子器件,000636,0.410149783387,风华高科,0.434854473487,0.737382322341
105,0.779753982048,0.861182015332,食品行业,000639,0.759655061966,西王食品,0.749871875029,0.778905925041
106,-0.217174281667,-0.0257821951361,综合行业,000652,0.68512672176,泰达股份,0.618083128785,0.55554523163
107,0.699917065063,0.713452719471,钢铁行业,000655,0.775526866394,金岭矿业,0.676484261867,0.30696400838
108,0.299199862068,0.443325674741,有色金属,000657,-0.662521744061,中钨高新,-0.587122587449,0.696415761898
109,0.514357100037,0.273331213644,印刷包装,000659,0.457489284802,*ST中富,0.084283537683,0.628185321717
110,0.97008313884,0.968018039444,生物制药,000661,0.9416600717,长春高新,0.941661769852,-0.0640010903438
111,-0.127868002992,0.707828710078,化工行业,000662,0.351728210958,天夏智慧,0.564783034672,0.308768570331
112,0.518777899575,0.647166986642,农林牧渔,000663,0.451512281747,永安林业,0.522347032695,0.62785404549
113,0.638432368036,0.882825541128,传媒娱乐,000665,0.643753166078,湖北广电,0.813462274301,0.578206179812
114,0.161551253677,0.545452526002,房地产,000667,0.680633201091,美好置业,0.746216122585,0.625857562247
115,0.646503554936,0.78559465906,供水供气,000669,0.591355832793,金鸿能源,0.763745387688,0.525290284802
116,0.60401679406,0.978749139547,房地产,000671,0.61231613768,阳 光 城,0.94210819045,0.939701406213
117,-0.245212738452,0.270940008839,仪器仪表,000676,0.480055513559,智度股份,0.517030641045,0.734933821054
118,0.575659206209,0.690074475549,机械行业,000678,-0.312608936987,襄阳轴承,-0.254035255536,0.87775501158
119,0.696769425816,0.613558781415,机械行业,000680,0.651685241798,山推股份,0.314672996544,0.33032835942
120,0.292780771306,0.305754990497,发电设备,000682,0.399465329102,东方电子,0.410015941042,0.792334270537
121,0.106391965585,-0.0166209516496,化工行业,000683,0.484136442631,远兴能源,0.33377394069,0.320295245337
122,0.682913927633,0.826926245767,供水供气,000685,0.754765674242,中山公用,0.880430650851,0.844994472553
123,0.137596334989,0.754099927874,化纤行业,000687,0.0784774880838,华讯方舟,-0.0398916506871,0.563539936499
124,-0.407594899746,0.435497264684,电力行业,000690,0.125178984931,宝新能源,0.458201269236,0.773002979023
125,0.339702983315,0.66161845464,供水供气,000692,0.737881810369,惠天热电,0.732177834068,0.890205989236
126,0.439013148529,0.445895468676,供水供气,000695,-0.168577634854,滨海能源,-0.172517983177,0.244073028027
127,0.505565859592,0.763104697734,汽车制造,000700,0.635417167587,模塑科技,0.741790985242,0.62132294454
128,0.727701426867,0.842720633909,综合行业,000701,0.261498279814,厦门信达,0.481542613762,0.67014011905
129,-0.761564585948,-0.779362945371,农林牧渔,000702,0.0876721561798,正虹科技,0.0938051622079,0.506178340014
130,0.349284206092,0.916935820838,商业百货,000705,0.660257825043,浙江震元,0.696081250828,0.81725328976
131,0.434782544441,0.449115301712,化工行业,000707,0.385600849465,双环科技,0.370484325704,0.719388872024
132,0.593935115257,0.611382346778,钢铁行业,000708,0.744556502874,大冶特钢,0.714359418843,0.353140968329
133,0.570851000933,-0.0426951649697,钢铁行业,000709,0.62874482568,河钢股份,0.535708789924,0.00543235583861
134,0.286815872277,0.286805273611,汽车制造,000710,-0.145443710445,*ST天仪,-0.145924218524,0.685140570821
135,-0.702278797795,-0.667248467201,金融行业,000712,0.828931693815,锦龙股份,0.966109711765,0.974425228377
136,0.648430980231,0.754452907014,农林牧渔,000713,0.539757930515,丰乐种业,0.612934547553,0.522987216319
137,-0.186865665851,0.305789133482,商业百货,000715,-0.143905201098,中兴商业,0.251631566931,0.456940554885
138,0.952159506113,0.905956886413,食品行业,000716,0.599880869756,黑芝麻,0.670767528903,0.648868662858
139,0.138985442119,-0.289758657,钢铁行业,000717,0.467075732161,韶钢松山,0.160597902017,0.492052019548
140,-0.335290587365,-0.220390402859,电力行业,000720,-0.0177639553469,新能泰山,-0.0942289698128,0.457174248127
141,-0.0513592678398,0.0600387897823,酒店旅游,000721,-0.0718144590602,西安饮食,-0.570277202539,0.90214578859
142,0.747797897945,-0.377426856402,电子器件,000725,0.148570418206,京东方Ａ,-0.148659701307,-0.134980040222
143,0.0458531149152,0.40174541284,电子器件,000727,0.0287337613096,华东科技,0.0585708392902,0.218198882265
144,0.886858485908,0.671401739682,酿酒行业,000729,0.885600180486,燕京啤酒,0.704668821584,0.539109346198
145,0.803377875498,0.880449790056,电子器件,000733,0.79234648239,振华科技,0.856626282718,0.842516801564
146,0.442599788943,0.559907698078,农林牧渔,000735,0.384673646263,罗 牛 山,0.357807645956,0.769974197412
147,-0.210804316801,0.865887012442,生物制药,000739,-0.396798568347,普洛药业,0.810567302934,0.82719585157
148,0.571344932318,0.9274079486,金融行业,000750,0.682703560468,国海证券,0.860037454064,0.95576539294
149,0.695281025318,0.801448811554,酿酒行业,000752,-0.0104664884674,西藏发展,0.0637882214906,0.86748759316
150,0.37031050902,0.651003913708,汽车制造,000753,0.38026542991,漳州发展,0.203339587341,0.918028583959
151,-0.157470377357,-0.0646208254886,化工行业,000755,0.39385154131,*ST三维,0.301496846266,0.186080333727
152,-0.155574738367,0.645306939032,商业百货,000759,0.504764923232,中百集团,0.576666260798,0.741279881279
153,-0.840186066737,0.23335120215,汽车制造,000760,0.160394191913,斯太尔,-0.0896717267572,0.763648176429
154,0.205798629376,0.622919330609,有色金属,000762,0.0484540662831,西藏矿业,-0.104749168546,0.642172484728
155,0.889085088153,0.891199980296,生物制药,000766,0.493884441116,通化金马,0.688934722155,0.457295248886
156,0.420794371355,0.773804643937,机械行业,000777,0.422716859844,中核科技,0.421535370434,0.884862080088
157,-0.077375932958,0.572616785834,钢铁行业,000778,0.558143633191,新兴铸管,0.34310060355,0.698938834111
158,-0.412373275488,-0.401792698323,纺织行业,000779,0.121628579448,三毛派神,0.120042829832,0.573467349698
159,0.748492536473,0.816016763925,水泥行业,000789,0.752576122771,万年青,0.748260037264,0.730401711903
160,0.118516213617,0.767193076409,生物制药,000790,-0.152134078741,泰合健康,0.264756194451,0.795111438409
161,0.40776322296,-0.0669708337501,农药化肥,000792,0.800371555679,盐湖股份,0.475705124098,-0.165003843619
162,0.208113624397,0.676652844006,传媒娱乐,000793,0.78610415178,华闻传媒,0.841293587169,0.811225379685
163,0.808263869178,0.922777063411,其它行业,000795,0.569481787147,英洛华,0.569952923635,0.59319279119
164,0.817916016491,0.893098027201,食品行业,000796,0.355269814247,凯撒旅游,0.713555056932,0.604240419828
165,0.792210612469,0.799222992377,酿酒行业,000799,0.854582354981,酒鬼酒,0.858142456953,0.488323509676
166,0.741202641645,0.777009456914,汽车制造,000800,0.381768904497,一汽轿车,0.328714879769,0.520426603017
167,-0.264200465646,0.687721238064,酒店旅游,000802,0.248659629573,北京文化,0.601247749334,0.659645694144
168,-0.186941402577,-0.204461865033,纺织行业,000803,-0.693283603061,*ST金宇,-0.754804383497,0.308936299208
169,-0.281243985488,-0.0663638984671,发电设备,000806,0.354905314585,银河生物,0.352992120557,0.812631551562
170,-0.289224809652,0.0921242631954,有色金属,000807,0.417852999644,云铝股份,0.21441851739,0.490064002096
171,0.383172811497,0.617776211811,印刷包装,000812,0.134396132146,陕西金叶,0.207053545442,0.910654596873
172,-0.00760555249446,0.415455437546,纺织行业,000813,0.469067016397,德展健康,0.465916179835,0.449307573603
173,-0.60611964851,0.477855619997,机械行业,000816,-0.113001028256,智慧农业,-0.0117603810333,0.872455681483
174,0.576870044896,0.815272384081,机械行业,000821,0.439477620675,京山轻机,0.55581324331,0.72903870679
175,0.437029972649,0.540130865999,化工行业,000822,0.433063909838,山东海化,0.360643593708,0.704040586256
176,0.780694337111,0.842918138782,电子器件,000823,0.694026895944,超声电子,0.778446556216,0.736297829238
177,0.547771219662,0.709563291013,公路桥梁,000828,0.63540626525,东莞控股,0.782317273275,0.774628222963
178,0.196105100823,0.590173160063,农药化肥,000830,0.205120868289,鲁西化工,0.556471797934,0.783264442979
179,-0.130176694179,0.866119947689,造纸行业,000833,0.392211652114,贵糖股份,0.552984150736,0.752773143551
180,0.103124322853,0.126139203751,传媒娱乐,000835,0.250518742421,长城动漫,-0.257499790439,0.795753433109
181,0.518463669002,0.623142613178,纺织行业,000850,0.233723126481,华茂股份,0.295467598332,0.532328572325
182,0.446038234468,0.504304386858,机械行业,000856,-0.14227065662,冀东装备,-0.151247389378,0.378426430053
183,0.471056417049,0.657919840842,酿酒行业,000858,0.554560346683,五 粮 液,0.66959450628,0.386607744244
184,0.25876329642,0.380286280312,塑料制品,000859,0.0195256245955,国风塑业,0.0656634203036,0.751865864943
185,0.776895650746,0.848241689041,酿酒行业,000860,0.871225106097,顺鑫农业,0.860363841519,0.814870269406
186,0.422828105697,0.745640798014,房地产,000861,0.751052387704,海印股份,0.569771220495,0.821708561587
187,0.859540747828,0.868477678178,酿酒行业,000869,0.900021782617,张 裕Ａ,0.918946434016,0.114547183912
188,-0.143907342799,0.0729670299987,电力行业,000875,0.274283801234,吉电股份,0.288089758102,0.821795535767
189,0.873466152796,0.824557310734,水泥行业,000877,0.828389129569,天山股份,0.631952237388,0.377553867279
190,-0.121514620088,-0.0158006979112,有色金属,000878,-0.0814626271793,云南铜业,-0.00282067169413,0.161344301267
191,0.229342915131,-0.264289121099,商业百货,000882,0.625712658978,华联股份,0.231374882421,0.183710890777
192,0.829961405707,0.954408090305,酒店旅游,000888,0.801692574078,峨眉山Ａ,0.901466257475,0.491342670698
193,-0.213933418453,0.0386728512762,钢铁行业,000890,0.545590999979,法 尔 胜,0.538649770834,0.7461601525
194,0.699591407078,0.681674029733,食品行业,000893,0.0508751198568,东凌国际,-0.0712688151833,0.495613743105
195,-0.109674842439,0.0509637974666,房地产,000897,0.269293057526,津滨发展,0.12279718203,0.63347816109
196,0.103947508744,0.333288844814,钢铁行业,000898,0.402790481395,鞍钢股份,0.446989520069,0.282322968131
197,0.223220149115,0.442876088212,电力行业,000899,0.340758211501,赣能股份,0.484327363452,0.824977478778
198,-0.0273804939366,0.527847113704,公路桥梁,000900,0.902598664681,现代投资,0.837172623273,0.608360493362
199,0.542858913156,0.687262962849,交通运输,000905,0.00521748531455,厦门港务,0.265011451781,0.923208215367
200,0.257616558579,0.34424524688,商业百货,000906,0.280084673715,浙商中拓,0.382978248006,0.729874660455
201,0.383054339457,0.7025576732,综合行业,000909,0.246925796443,数源科技,0.310454077835,0.906129049001
202,-0.0274135008037,0.380561014043,家具行业,000910,0.863605898237,大亚圣象,0.893977131479,0.778362899017
203,0.730717745858,0.755124478335,农药化肥,000912,0.46496125435,泸天化,0.379077386805,0.493814622618
204,0.530679971291,0.621300718287,公路桥梁,000916,-0.0530943604667,华北高速,-0.179243626742,0.907419135091
205,-0.194820161639,-0.184725980942,交通运输,000920,0.52139408111,南方汇通,0.593112357396,-0.151585308726
206,0.305755628414,0.336769692754,电器行业,000922,-0.369660528507,*ST佳电,-0.461982951076,0.689080369811
207,-0.0401352389539,0.653968389243,房地产,000926,-0.371299815605,福星股份,0.468429098949,0.70296227413
208,0.365082731155,0.350350321602,汽车制造,000927,0.3563812373,一汽夏利,0.341791532382,0.405806983429
209,0.0549226781637,0.313498699199,食品行业,000930,-0.546100689402,中粮生化,-0.555666516372,0.808885533161
210,0.150478845159,0.150482692141,房地产,000931,0.635607414461,中 关 村,0.635585918696,0.846423634578
211,0.0223786881172,-0.189649881756,钢铁行业,000932,0.450823371517,*ST华菱,0.409075576203,0.232498873731
212,-0.167665730579,-0.0990117812053,化纤行业,000936,0.467320100941,华西股份,0.612717627642,0.838529877064
213,0.844417473154,0.828278713221,煤炭行业,000937,0.924589357564,冀中能源,0.901995632404,-0.0283200769718
214,0.117975460582,0.413928162836,农药化肥,000950,0.482276193774,*ST建峰,0.00481594339808,0.560658134139
215,0.861731269287,0.929797590543,生物制药,000952,0.574220047225,广济药业,0.579491555853,0.851498663236
216,0.161317332194,0.157763308009,有色金属,000960,0.298773681251,锡业股份,0.0772072717056,0.130328557044
217,0.126834600631,0.859121802876,建筑建材,000961,0.52801673052,中南建设,0.507308745011,0.783917603366
218,0.585878075492,0.625840627159,有色金属,000962,0.180278755481,东方钽业,0.107356515458,0.412397306201
219,0.980356534554,0.981062584292,生物制药,000963,0.977028958058,华东医药,0.968575330273,-0.252032669187
220,-0.0726516436178,0.153642849172,电力行业,000966,0.625709256385,长源电力,0.626679799869,0.797075594421
221,0.0502752128054,0.740591462863,发电设备,000967,0.457929849485,盈峰环境,0.829316111573,0.647609614913
222,0.349238850066,0.805714638237,钢铁行业,000969,0.498674525233,安泰科技,0.471846579057,0.659479174566
223,0.763136581274,0.824676150837,电子信息,000970,0.795030497986,中科三环,0.658252008313,0.780580748634
224,-0.081634808009,-0.20793589771,塑料制品,000973,0.752690233307,佛塑科技,0.647755122703,0.73724447735
225,-0.526123961185,-0.292683983218,化纤行业,000976,0.304657761513,春晖股份,0.303005105018,0.503882667192
226,0.496498068638,0.975839361485,纺织行业,000982,0.764837733347,*ST 中绒,-0.254685748226,0.670974701735
227,0.0539854986204,0.178432274057,化工行业,000985,0.14253351845,大庆华科,0.145929080912,0.695523443913
228,0.186977819895,0.46137955603,商业百货,000987,0.422319593583,越秀金控,0.604604017549,0.604262326681
229,0.748033625093,0.941742581919,仪器仪表,000988,0.702553258243,华工科技,0.709287685934,0.909501844637
230,-0.731620363997,0.51950251169,生物制药,000989,0.581842359776,九 芝 堂,0.92035141056,0.189908754549
231,0.00147450007444,0.627929064739,化工行业,000990,0.0637333040784,诚志股份,0.67184804006,0.728672776997
232,0.422240005984,0.489375819843,酿酒行业,000995,-0.292723503957,*ST皇台,-0.288945988317,0.317515191693
233,0.568458468969,0.911581651221,电子信息,000997,0.635650454352,新 大 陆,0.881069626819,0.842635889137
234,-0.597315570399,0.841343970038,农林牧渔,000998,0.640463713488,隆平高科,0.961028532656,0.78445364131
235,0.811684703852,0.843726676446,生物制药,000999,0.864579323974,华润三九,0.87730801306,0.526385842045
236,-0.0825836309952,0.763438903232,摩托车,001696,0.162686811358,宗申动力,0.749838468568,0.879173085774
237,0.300015715503,0.484117998039,电力行业,001896,0.550104075385,豫能控股,0.683433612767,0.60430626746
238,0.234443225703,0.818900576903,金融行业,600000,0.105729283674,浦发银行,0.773664739459,0.484259863817
239,0.039138734999,0.409249283759,交通运输,600004,0.174990550945,白云机场,0.533006855946,0.534166749686
240,-0.0921384043617,0.225072327342,汽车制造,600006,0.388250525509,东风汽车,0.21834291102,0.850193133785
241,0.431203852562,0.567382205995,开发区,600007,0.55929568239,中国国贸,0.685725306552,0.523170971095
242,0.27623909181,0.417568653401,交通运输,600009,0.483160200631,上海机场,0.595218435235,0.158536891583
243,-0.520930038947,0.023539330854,电力行业,600011,0.0547453180777,华能国际,0.328786018733,0.610362589898
244,0.380493049152,0.761121825155,金融行业,600015,0.343452237494,华夏银行,0.729111910655,0.641648124507
245,0.0600401367154,0.875051416947,金融行业,600016,0.135996543225,民生银行,0.851431281361,0.674130503041
246,0.809990323817,0.923685459632,商业百货,600056,0.808205221329,中国医药,0.910419642387,0.770407302421
247,-0.0491692541384,0.542410280611,生物制药,600062,0.635529280403,华润双鹤,0.778959053329,0.31308373725
248,0.592344766621,0.658610608133,化纤行业,600063,0.765086856941,皖维高新,0.404991889129,0.775400116471
249,-0.103984999697,0.715526572822,开发区,600064,0.377689093336,南京高科,0.855597060257,0.873810944828
250,0.253541484976,0.622355932461,建筑建材,600068,0.507797933484,葛洲坝,0.68097162986,0.689561522077
251,0.513916620548,0.645771880287,造纸行业,600069,0.184121661766,银鸽投资,-0.144867195254,0.759799709238
252,0.00577768792285,0.0164329174067, ,600071,-0.607132036035, ,-0.611487060863,0.118724348083
253,0.272918872376,0.853869478839,食品行业,600073,0.322123632875,上海梅林,0.766775118128,0.891333295167
254,-0.291918640033,0.372252646131,化工行业,600075,0.43369470045,新疆天业,0.334589907591,0.737010123973
255,0.419311015467,0.740290881085,电子信息,600076,0.272681652918,康欣新材,0.709979416546,0.818843488699
256,0.0233169404258,0.746162025113,化工行业,600078,-0.244974330154,澄星股份,-0.0838291397511,0.855497358613
257,0.865106873612,0.946085547643,生物制药,600079,0.837449117984,人福医药,0.953211688115,0.45468404676
258,0.158074826541,0.313419003351,生物制药,600080,0.539361814489,金花股份,0.547644970591,0.698897989728
259,0.842055498736,0.873813412407,汽车制造,600081,0.709299855616,东风科技,0.708476356319,0.606648276781
260,0.359080847327,0.474375976885,房地产,600082,0.523237559038,海泰发展,-0.127758676597,0.705132720864
261,0.467074478822,0.969913137132,生物制药,600085,0.27700665726,同仁堂,0.961520828842,0.805294519721
262,0.670209802124,0.935990167761,服装鞋类,600086,0.602072838612,东方金钰,0.867461306721,0.678514771805
263,-0.159200344415,-0.110977044095,传媒娱乐,600088,-0.247837059122,中视传媒,-0.379250327545,0.468638740814
264,-0.205629180754,-0.20062924718,化工行业,600091,0.188878184461,ST明科,0.19485307373,0.258825232516
265,-0.351107478713,-0.365589727859,农药化肥,600096,0.42616444491,云天化,0.345114392206,0.152152797409
266,0.533822921686,0.701560244367,农林牧渔,600097,-0.0120601923689,开创国际,-0.0113422410638,0.771077637372
267,0.470061253008,0.810314267902,电子信息,600100,0.212288194468,同方股份,0.590744940146,0.850293971347
268,0.499309649171,0.639223894853,电力行业,600101,0.609924428638,明星电力,0.662918940556,0.531276656567
269,-0.0369751035474,0.627126250819,造纸行业,600103,-0.067471523949,青山纸业,-0.0919069447116,0.854453087897
270,0.762768408988,0.898270513379,汽车制造,600104,0.740304585443,上汽集团,0.891045768123,0.649380041235
271,-0.0256307855253,0.820344761222,电子信息,600105,0.318742401589,永鼎股份,0.685356420583,0.823997044075
272,0.352578175726,0.352566008339,服装鞋类,600107,0.254944006578,美尔雅,0.254915602353,0.666675147612
273,0.55958452277,0.746763565489,农林牧渔,600108,0.418455629642,亚盛集团,0.452027904299,0.821758637372
274,0.867898913595,0.940821856907,有色金属,600111,0.870108957291,北方稀土,0.675531821957,0.695599134499
275,0.3538087738,0.732815807507,电力行业,600116,0.699948952935,三峡水利,0.885345804739,0.950755541524
276,0.456393515823,0.461376149388,钢铁行业,600117,0.0940255720895,西宁特钢,0.0864987251705,0.512646249141
277,0.482720354999,0.837743863585,飞机制造,600118,0.498228922625,中国卫星,0.835897058617,0.855745126879
278,0.114958880866,0.118932040626,物资外贸,600120,0.794254512827,浙江东方,0.798680631019,0.751912517238
279,0.844887863514,0.637500984315,商业百货,600122,0.691647928181,宏图高科,0.709679675337,0.730460295088
280,0.944646910727,0.939368908468,煤炭行业,600123,0.869258510627,兰花科创,0.744977469465,0.0686052580818
281,-0.132766135184,0.571385210258,交通运输,600125,0.569750245888,铁龙物流,0.754576258838,0.668329380235
282,0.83323313998,-0.2892183872,电子信息,600130,0.45493841706,波导股份,0.134792863335,0.880997351418
283,0.512210153374,0.531946270482,电力行业,600131,0.303116393989,岷江水电,0.305754085151,0.722262171327
284,-0.256699905951,0.26972649983,酿酒行业,600132,0.34116303015,重庆啤酒,0.416471810001,0.14600542002
285,0.580771615228,0.632395093557,化工行业,600135,-0.0814444420636,乐凯胶片,-0.0797773796434,0.593950860146
286,0.395222956493,0.809317323591,酒店旅游,600138,0.438897428425,中青旅,0.80824793325,0.574498325962
287,0.328640879978,0.575256913051,化工行业,600141,0.559932601221,兴发集团,0.488248678276,0.69527641881
288,0.097734739739,0.348759342652,塑料制品,600146,-0.197403318519,商赢环球,-0.130561566901,0.429205867863
289,-0.179562313345,0.351468675596,电子器件,600151,0.260317539727,航天机电,0.235509663715,0.68933609659
290,-0.144988566181,-0.159288338072,纺织行业,600152,0.0348279377304,维科精华,0.010543632116,0.84737873462
291,0.220031555124,0.864206020665,物资外贸,600153,0.208584589056,建发股份,0.821579304102,0.923535847144
292,-0.208771183762,-0.328209053184,纺织行业,600156,0.316546337361,华升股份,0.322029853068,0.792846260002
293,0.421880568302,0.842222514003,煤炭行业,600157,0.691267206642,永泰能源,0.818454426112,0.686777720035
294,0.429217150701,0.814603381613,化工行业,600160,0.839619217792,巨化股份,0.563386389114,0.714028283934
295,0.479428774929,0.71324451854,生物制药,600161,-0.0706865669474,天坛生物,0.151682925926,0.603831475542
296,-0.215353237766,-0.112533356647,房地产,600162,0.507430758352,香江控股,0.370769006002,0.552893141296
297,-0.377269055842,-0.251914481684,造纸行业,600163,0.275758029967,中闽能源,0.0111761847742,0.671412464059
298,-0.310216202321,0.605396586105,钢铁行业,600165,-0.0600805007295,新日恒力,-0.513573097929,0.847590240857
299,0.70553656044,0.917314706464,汽车制造,600166,0.884060012918,福田汽车,0.870314238643,0.38497048031
300,0.741251599783,0.67474627364,供水供气,600167,0.78343177926,联美控股,0.639819012103,0.521081291252
301,0.875353380164,0.600795475337,机械行业,600169,0.8574624718,太原重工,0.143088642942,0.517867284243
302,0.415389120208,0.868211797683,房地产,600175,0.790703057064,美都能源,0.670369115281,0.863070010332
303,0.776633452142,0.80758856258,玻璃行业,600176,0.412344968833,中国巨石,0.762363512508,0.714301028135
304,0.0628402031254,0.543101384915,服装鞋类,600177,0.6018406208,雅戈尔,0.840521875935,0.729940466717
305,0.258171967544,0.240841819366,汽车制造,600178,0.335654268217,东安动力,0.3277556571,0.772823401433
306,0.32329552282,0.298476116809,汽车制造,600182,0.577079813567,S佳通,0.55977601574,0.299451725822
307,0.197684987558,0.722399221536,电子器件,600183,0.570174291663,生益科技,0.759038677082,0.725938145353
308,0.132344033446,0.0606005728028,农林牧渔,600189,-0.311651796373,吉林森工,-0.420253718554,0.834364809508
309,-0.366527960763,0.074824779193,交通运输,600190,-0.0333840043304,锦州港,-0.0346925245843,0.826262746464
310,-0.357569241416,-0.632891412906,食品行业,600191,0.250234844708,华资实业,0.306526727776,0.681601822581
311,0.238859314697,0.430775540674,发电设备,600192,0.362202406334,长城电工,0.347052939798,0.805368536834
312,0.462230506294,0.504198307283,农林牧渔,600195,0.715639771904,中牧股份,0.739180843062,0.564278407273
313,0.647962013517,0.910523595916,生物制药,600196,0.589033170681,复星医药,0.839115521289,0.600473806053
314,0.768362582821,0.833831823611,酿酒行业,600197,0.743410077199,伊力特,0.795320363544,0.578234271955
315,0.737981671467,0.824980361908,电子器件,600203,0.264493569392,福日电子,0.393113736893,0.428701085645
316,0.44334955631,0.792237094302,电子器件,600206,0.453804510418,有研新材,0.344457137987,0.820108806889
317,-0.305714402469,-0.306132695521,综合行业,600209,0.137198109047,罗顿发展,0.136826620963,0.879840869381
318,0.0233675701806,0.453800697799,印刷包装,600210,0.460290404584,紫江企业,0.389755848312,0.702802964422
319,0.293088898566,0.369353688781,生物制药,600211,0.706339102497,西藏药业,0.738347283098,0.00221986155876
320,-0.382303110991,-0.148898382118,开发区,600215,-0.0621874261387,长春经开,-0.222266539352,0.799336930489
321,0.916914116872,0.8989240581,生物制药,600216,0.893495421103,浙江医药,0.747087612662,0.230114299996
322,0.766579342513,0.806246040291,机械行业,600218,0.494948538273,全柴动力,0.513629622539,0.48252610994
323,-0.0756985160165,0.0417037898248,有色金属,600219,0.696318876872,南山铝业,0.517861098135,0.140805231216
324,0.354004515145,0.391508078574,纺织行业,600220,0.383097340414,江苏阳光,0.220376185984,0.863050521631
325,-0.60137052826,0.634046866317,生物制药,600222,0.270202130981,太龙药业,-0.311229915809,0.823945034294
326,0.345115717757,0.376363388927,农药化肥,600230,0.0533983939476,沧州大化,0.0389227085377,0.567488593536
327,0.0219846561302,0.10646639155,钢铁行业,600231,0.553740131636,凌钢股份,0.426058802963,0.474333351936
328,-0.408466323606,0.550195670643,电力行业,600236,0.309056083129,桂冠电力,0.634153995425,0.803879842566
329,-0.271842911885,-0.505350695157,酿酒行业,600238,-0.101312568652,海南椰岛,0.0361670243949,0.736286493673
330,0.42156793425,0.895919915196,房地产,600240,0.589505016939,华业资本,0.899344457022,0.808201740211
331,-0.144856659209,-0.320495999385,物资外贸,600241,-0.201594851076,时代万恒,-0.503102305336,0.876667040875
332,-0.139491698171,0.641127881653,机械行业,600243,-0.0044489900261,青海华鼎,-0.0739585445641,0.762003451093
333,0.201451773118,0.466066570986,房地产,600246,0.295349127668,万通地产,0.0993728729609,0.602758437877
334,-0.564351690509,-0.00191707044453,化工行业,600249,0.885660712341,两面针,0.476908922482,0.499258992795
335,0.275026370912,0.47337412055,农林牧渔,600251,0.117953986492,冠农股份,0.300987131165,0.335153177027
336,0.138044925326,0.61338360043,生物制药,600252,0.463958668871,中恒集团,0.652217412973,0.823492936432
337,0.569050198877,0.81548905044,有色金属,600255,0.571042260592,鑫科材料,0.266666357156,0.890824241735
338,0.359859722784,0.796011666693,综合行业,600256,0.661984412636,广汇能源,0.623596428339,0.472283352844
339,0.684891992734,0.792895647759,食品行业,600260,0.344326687568,凯乐科技,0.639048242099,0.904847170699
340,0.0810191335001,0.0698781752872,机械行业,600262,-0.37893696974,北方股份,-0.383495445714,0.321988261249
341,-0.0641845563634,0.5383201047,房地产,600266,0.230814665625,北京城建,0.595394874841,0.78624545677
342,0.479586005995,0.633037565841,生物制药,600267,0.796662479295,海正药业,0.518420360759,0.289934961394
343,-0.0932251577891,0.616293244392,发电设备,600268,0.66008775554,国电南自,0.254314655279,0.559868905672
344,0.418662308824,0.843693536647,电子信息,600271,0.65266978694,航天信息,0.881568164541,0.74045724983
345,-0.160761401303,-0.162004975365,服装鞋类,600272,0.277488375373,开开实业,0.279159811462,0.73210505258
346,0.437335070528,0.981461418004,生物制药,600276,0.889001052631,恒瑞医药,0.991500108757,0.80586258115
347,0.343832701656,0.742864491367,化工行业,600277,0.243823479706,亿利洁能,0.647497781891,0.759383613936
348,0.346993795887,0.599667384428,物资外贸,600278,0.514100922645,东方创业,0.619216030146,0.785160439865
349,0.253336089813,0.463321858273,化工行业,600281,-0.259195320607,太化股份,-0.323722659023,0.562266866252
350,0.831694852532,0.205638151783,钢铁行业,600282,0.675596755133,南钢股份,0.0543353024523,0.247746907968
351,0.566493097025,0.717939316815,供水供气,600283,0.463295985442,钱江水利,0.492573903304,0.898044660332
352,-0.514797637577,-0.269294239349,电子信息,600288,-0.427686086232,大恒科技,-0.202518364964,0.882833733675
353,0.482234601237,0.765704318879,电子信息,600289,0.548790412286,亿阳信通,0.315496518298,0.884922269568
354,0.579081267879,0.778094071415,金融行业,600291,0.234374505973,西水股份,0.353459058368,0.762944786966
355,-0.107089245577,0.626375610674,环保行业,600292,0.606194589109,远达环保,0.800682895339,0.796209881824
356,0.590860939178,0.536137876998,玻璃行业,600293,0.327038191646,三峡新材,0.393583714292,0.135343872964
357,0.473226145003,0.532371430451,服装鞋类,600295,0.729838686454,鄂尔多斯,0.729927785588,0.580175987835
358,0.597043499715,0.829590130718,医疗器械,600297,0.492212078335,广汇汽车,0.832732404078,0.799611808285
359,0.195214107302,0.712236966291,食品行业,600298,0.638338461855,安琪酵母,0.911024280758,0.608432521947
360,0.135380919505,0.341724562116,化工行业,600299,0.432486056351,安迪苏,0.359803406598,0.0550855996228
361,0.118760160712,0.723642144255,食品行业,600300,0.230042198442,维维股份,0.302372326131,0.799150293667
362,0.015250817942,-0.0270663585597,纺织机械,600302,0.416214287419,标准股份,0.376218258656,0.576360308874
363,0.406663132878,0.473773673044,汽车制造,600303,0.523250133738,曙光股份,0.167554250418,0.845293978769
364,0.7770996046,-0.0658588557348,造纸行业,600308,0.584232331262,华泰股份,0.355467846429,0.166054458793
365,-0.0511804961896,0.705653785471,化工行业,600309,0.0061775919917,万华化学,0.66717622508,0.638815186634
366,0.216382756337,0.762049447881,电力行业,600310,0.591702920379,桂东电力,0.84095758433,0.878535019799
367,0.287405514129,0.619294210773,飞机制造,600316,0.258514037503,洪都航空,0.258512931929,0.621866242282
368,0.698936503039,0.529598534412,交通运输,600317,0.707663351415,营口港,0.497593473745,0.786656802505
369,0.0735018615038,0.448795437793,房地产,600325,0.691997930077,华发股份,0.69427935803,0.571340106414
370,0.362722376233,0.897365913372,生物制药,600329,0.609525100581,中新药业,0.797836731982,0.873194629363
371,0.0533069053165,0.552578513698,电子信息,600330,0.39024300266,天通股份,0.285579331986,0.644012484623
372,0.625129414357,0.676176169491,有色金属,600331,0.458184971432,宏达股份,0.124382648835,0.365384360475
373,0.377463063351,0.636029573213,供水供气,600333,-0.0483218205653,长春燃气,-0.199715816497,0.426032221834
374,-0.128229810188,0.591577998719,机械行业,600346,-0.399257466052,恒力股份,0.398906040703,0.887361382694
375,0.547231557348,0.797100382552,煤炭行业,600348,0.665090761002,阳泉煤业,0.864959507184,0.484912123754
376,0.150727995838,0.32091195537,公路桥梁,600350,0.0998989105609,山东高速,0.307298955881,0.702748331982
377,0.362423677234,0.851495030514,化工行业,600352,0.603501039588,浙江龙盛,0.923739908123,0.92075655131
378,0.798926317724,0.644837947455,农林牧渔,600354,0.546324541176,敦煌种业,0.0795672582034,0.383961075514
379,0.070015619574,0.687106128954,电子器件,600355,0.182343246334,精伦电子,0.080902044755,0.928724082964
380,-0.291941044081,-0.422962527473,酒店旅游,600358,-0.128658731812,国旅联合,-0.18751608502,0.838149253726
381,0.888399808217,0.779773839223,电子器件,600360,0.864225102873,华微电子,0.183440835886,0.630379023858
382,-0.119594830019,-0.190109617921,商业百货,600361,0.597035739575,华联综超,0.358405489876,0.00571953309825
383,0.0324712229441,0.111322271383,有色金属,600362,0.511930426284,江西铜业,0.523198638629,0.267235249673
384,-0.510078738549,-0.21125712878,仪器仪表,600366,0.54599896822,宁波韵升,0.667217278007,0.901998548256
385,-0.290576750413,-0.355862438033,纺织行业,600370,0.0307939202098,三房巷,-0.219914219508,0.886245828693
386,-0.0504074722819,-0.170415478235,农林牧渔,600371,0.367049727609,万向德农,0.231006766231,0.667393670067
387,0.619883864108,0.880718815137,传媒娱乐,600373,0.840537862036,中文传媒,0.964744267075,0.730146566351
388,0.216652914813,0.708894516576,公路桥梁,600377,0.268787224402,宁沪高速,0.684257192421,0.474557294375
389,0.102925963328,0.416228847209,化工行业,600378,0.548337198833,天科股份,0.595470708898,0.610875851836
390,0.186506243001,0.736937294345,生物制药,600380,0.626986837465,健康元,0.524405112912,0.919192684788
391,0.205640672654,0.793751553343,房地产,600383,0.416364410022,金地集团,0.812629803789,0.447099909893
392,-0.0833782014613,-0.010743447544,交通运输,600386,0.393167079977,北巴传媒,0.428857410133,0.487373790852
393,0.555666822788,0.681788800424,石油行业,600387,0.073605394566,海越股份,0.0746836950906,0.747899339107
394,0.492115959477,0.957709047311,机械行业,600388,0.653308592275,龙净环保,0.94468927799,0.914587694856
395,0.674108147043,0.61895412712,农药化肥,600389,0.56167136056,江山股份,0.513298581902,0.467002091737
396,0.522650388773,0.730302267489,飞机制造,600391,-0.00741300123375,航发科技,0.00539688840488,0.810100699977
397,-0.544239650205,0.519479758811, ,600392,-0.510278460536, ,-0.275371805972,0.738784600909
398,-0.0818848215955,0.559804336761,电力行业,600396,0.0409152090089,金山股份,0.337707311386,0.698394713013
399,0.39095654469,0.947962201759,服装鞋类,600398,0.85388849569,海澜之家,0.945223495042,0.444586019201
400,-0.445223129214,-0.0435577766937,钢铁行业,600399,0.905429061709,抚顺特钢,0.976776791623,0.963087353503
401,-0.105528600062,0.71485664574,服装鞋类,600400,0.174054379602,红豆股份,0.745292678492,0.591707446208
402,0.482738469081,0.876331613919,电子信息,600406,0.76118708532,国电南瑞,0.908029981095,0.713873476999
403,0.662557230035,0.644714651132,煤炭行业,600408,0.497024429288,安泰集团,0.00126309122866,0.398795714496
404,0.162144612346,0.597982964807,电子信息,600410,0.395610502903,华胜天成,-0.213147085412,0.889709944101
405,0.639568609907,0.783312690154,发电设备,600416,0.576507688258,湘电股份,0.324573937902,0.782786328539
406,0.71571229416,0.910615284204,汽车制造,600418,0.529570623749,江淮汽车,0.666532263684,0.779095349061
407,0.910775113483,0.982260937181,生物制药,600422,0.9575688657,昆药集团,0.971084613451,0.229026532022
408,0.842395528903,0.740878295629,水泥行业,600425,0.73615472096,*ST青松,0.080424022193,0.472440800381
409,-0.204841999194,0.487009345774,农药化肥,600426,0.0729157097118,华鲁恒升,0.628420933806,0.496359516988
410,0.634506925933,0.213407410558,交通运输,600428,0.800748324005,中远海特,0.453458632813,0.356264277338
411,0.616205458224,0.371531703387,有色金属,600432,0.683151251409,*ST吉恩,0.0901905117594,0.290058366755
412,-0.727599595393,0.717915396255,造纸行业,600433,0.187977921591,冠豪高新,0.515544453546,0.946597121796
413,0.159883222784,0.83975170762,机械行业,600435,0.140280500124,北方导航,0.138227976588,0.764828093443
414,0.837132942816,0.98271517844,生物制药,600436,0.880300977188,片仔癀,0.967395345696,0.749782196251
415,-0.287129403125,0.61831358585,农林牧渔,600438,-0.0663728311835,通威股份,0.465626473725,0.819837094859
416,0.484976293832,0.539923210953,服装鞋类,600439,0.806450819414,瑞贝卡,0.838736631435,0.312424943139
417,-0.252744495372,0.609097178075,纺织行业,600448,0.0881416291134,华纺股份,0.145069505992,0.887707156183
418,0.769479681506,0.785451942352,电力行业,600452,0.585084115799,涪陵电力,0.582447601331,0.119108875986
419,-0.278894682838,-0.278883508181,电子信息,600455,0.162743630837,博通股份,0.162730418215,0.380230926618
420,0.153845514446,0.663243406913,有色金属,600459,0.453932768907,贵研铂业,0.532813112337,0.67058727717
421,0.752067392299,0.817886668447,电子器件,600460,0.812165148167,士兰微,0.540084425594,0.719152612107
422,0.0273176120458,0.394112068529,房地产,600463,-0.584093332202,空港股份,-0.337468149077,0.766023012296
423,0.533430529314,0.72686575875,生物制药,600466,0.601964054255,蓝光发展,0.780512415686,0.96172472894
424,-0.0947033180403,0.396483374822,农林牧渔,600467,0.513962256763,好当家,0.547724673064,0.406940301315
425,-0.644426628861,0.124065889516,电器行业,600468,-0.181575087853,百利电气,0.53354513126,0.0881523804374
426,0.118950003591,0.353113807731,汽车制造,600469,0.197055414754,风神股份,0.162759797918,0.799371829948
427,0.357013166303,0.743704085156,农药化肥,600470,0.370509200958,六国化工,0.131063502432,0.861602774227
428,0.598605713025,0.751149601222,机械行业,600475,0.392654942386,华光股份,0.403858092485,0.648751003309
429,-0.400663403919,-0.206514285469,电子信息,600476,-0.0911423569172,湘邮科技,-0.133640111806,0.561779405354
430,0.157207596112,0.465151485745,电子器件,600478,-0.321021563776,科力远,-0.600892395192,0.742734933539
431,-0.0550492656441,0.656331913912,生物制药,600479,0.602602685394,千金药业,0.50905940194,0.796867942186
432,-0.240050488543,0.851379847768,电子信息,600485,0.806360693606,信威集团,0.862832630722,0.485835337877
433,0.547995949812,0.886288331881,农药化肥,600486,0.779486653416,扬农化工,0.91807002475,0.901898080604
434,0.448760439728,0.872415338718,电子信息,600487,0.549852297131,亨通光电,0.930336126168,0.918471423749
435,0.351083647718,0.421820933526,生物制药,600488,0.353498778288,天药股份,-0.0509226453916,0.768246810337
436,0.298272533703,0.85690978591,化工行业,600490,0.392221027594,鹏欣资源,0.483811923124,0.840240085256
437,-0.0752509216279,0.354320120584,纺织行业,600493,-0.00681368701635,凤竹纺织,-0.0335841578424,0.811971702051
438,0.373986164933,0.807480508711,钢铁行业,600496,0.564870704541,精工钢构,0.666038734681,0.824363322564
439,0.503969148946,0.282811674926,有色金属,600497,0.69382877451,驰宏锌锗,0.15180438504,0.242785387631
440,0.0444985282113,0.827458301489,机械行业,600499,0.658410569477,科达洁能,0.910490407373,0.794556837191
441,0.0993870025812,0.45461271041,汽车制造,600501,-0.509142596401,航天晨光,-0.357361650825,0.692461788763
442,0.717384126543,0.781591864833,电力行业,600505,0.588493427999,西昌电力,0.608656547896,0.569297335608
443,0.420023191603,0.772220792269,发电设备,600517,0.865004028657,置信电气,0.919105296899,0.727607486802
444,0.364245606324,0.937564532398,生物制药,600518,0.438332809309,康美药业,0.960382042037,0.741996044801
445,0.780432374703,0.889348260742,酿酒行业,600519,0.791329766926,贵州茅台,0.865911060536,0.633881313765
446,-0.421856637795,-0.122404279095,机械行业,600520,-0.275170308971,中发科技,-0.311186068536,0.655315908343
447,0.328540180676,0.954510717618,生物制药,600521,0.0322401308011,华海药业,0.895565524509,0.661958116778
448,0.888973097997,0.945562456809,电子信息,600522,0.912287168144,中天科技,0.949294971665,0.899104168505
449,0.488049434642,0.77254337363,化纤行业,600527,0.430472838841,江南高纤,0.101211439897,0.772253097605
450,-0.166168941502,0.355743972181,建筑建材,600528,0.119230593617,中铁工业,0.214500629151,0.8460964356
451,0.651422164159,0.801644796838,玻璃行业,600529,0.793921415724,山东药玻,0.870778265699,0.564053316427
452,-0.376369031192,-0.541225504642,生物制药,600530,0.313258024518,交大昂立,0.555539126082,0.716027212616
453,0.704152527896,0.833065750547,有色金属,600531,0.111253618378,豫光金铅,0.134592335359,0.603070228107
454,0.82508160553,0.981127187447,生物制药,600535,0.870248438128,天士力,0.988594312841,0.729529906401
455,-0.361805454737,0.758663012964,电子信息,600536,-0.51269839661,XD中国软,0.0884481011846,0.981793253327
456,0.552606469522,0.468680581704,电子器件,600537,-0.0385672239585,亿晶光电,0.06709490011,0.151530460603
457,-0.259138207639,0.0411461456533,农药化肥,600538,0.102750752675,国发股份,-0.119449104279,0.706293408042
458,-0.339658809424,-0.341090381933,水泥行业,600539,-0.188839533484,狮头股份,-0.190362715907,0.477398124962
459,0.383687915741,0.517880936605,农林牧渔,600540,-0.0396065758783,*ST新赛,-0.443464215615,0.832233153958
460,0.303749211317,0.684960032553,建筑建材,600545,-0.138817634406,新疆城建,0.066292704751,0.907607760465
461,0.819968974826,0.78879959877,有色金属,600547,0.743183661033,山东黄金,0.891031786273,0.552572280378
462,0.357272259555,0.74352533606,发电设备,600550,0.472687459002,保变电气,0.359603625018,0.389670477194
463,0.388480854979,0.615669569888,玻璃行业,600552,0.747273472929,凯盛科技,0.743852358736,0.725188066253
464,0.045211024121,-0.5728203189,酒店旅游,600555,-0.227218603057,海航创新,0.082656658458,0.850395034926
465,0.100236964222,0.923483661264,生物制药,600557,0.788456194142,康缘药业,0.953735476246,0.706683053234
466,0.640428106761,0.380242876417,钢铁行业,600558,0.752464612005,大西洋,0.656654839432,0.822654189408
467,0.234896125419,0.162006451943,电器行业,600560,0.235060702619,金自天正,-0.0607132555351,0.887856574583
468,0.430449025119,0.807677792438,交通运输,600561,-0.0995802089931,江西长运,0.0303300201512,0.446643272685
469,0.817644697791,0.84371716945,电子器件,600563,0.901028277996,法拉电子,0.919097209061,0.68536806167
470,0.413078510289,0.400125370781,钢铁行业,600569,0.359866375245,安阳钢铁,0.282613402852,0.469905971885
471,0.572776074952,0.937531180555,电子信息,600570,0.309024756313,恒生电子,0.541063831395,0.966144656153
472,0.556986418632,0.75748570631,电子信息,600571,0.613843785212,信雅达,0.739805826432,0.814607652529
473,0.0309802688359,0.952765272661,生物制药,600572,0.566367063918,康恩贝,0.926566910606,0.780925508814
474,-0.336065492301,-0.370634107214,酿酒行业,600573,0.0378502942219,惠泉啤酒,0.0086671484695,0.698185104502
475,0.232277187418,0.476095803666,交通运输,600575,0.298678646583,皖江物流,0.0134606648876,0.603751075422
476,0.573017467486,0.620626386674,电器行业,600577,0.504820902389,精达股份,0.760904638381,0.918508968792
477,0.307810614187,0.579781093452,电力行业,600578,-0.154114541685,京能电力,0.629516952507,0.778613669335
478,0.685012255692,0.822268608311,发电设备,600580,0.439138375587,卧龙电气,0.665402142149,0.899299353891
479,0.521471027314,0.465035705335,石油行业,600583,0.616249383563,海油工程,0.431878357281,0.481682603277
480,0.75296515133,0.889951864228,电子器件,600584,0.211913434285,长电科技,0.28713837429,0.586866323911
481,0.652501115161,0.813271844888,水泥行业,600585,0.477840937381,海螺水泥,0.810967011172,0.71223651266
482,0.838450852349,0.933181606437,医疗器械,600587,0.795675906004,新华医疗,0.871871648713,0.671780727359
483,0.135062199532,0.764521715792,塑料制品,600589,0.300405505487,广东榕泰,0.245833164194,0.810819003304
484,0.84622236469,0.84506695515,酒店旅游,600593,0.713744887927,大连圣亚,0.71196954665,0.342810691305
485,0.221604463877,0.957591944643,生物制药,600594,0.448051650482,益佰制药,0.756465553105,0.651576687673
486,0.117336030231,0.543213015746,有色金属,600595,0.611250508792,中孚实业,0.338243775062,0.325173538088
487,0.762829215439,0.435640702199,农药化肥,600596,0.77011023806,新安股份,0.58291359758,0.0530903499132
488,0.151088448281,0.201167882859,农林牧渔,600598,0.111869711405,北大荒,0.114956523187,0.656722654952
489,0.0135983490465,0.327638111449,化工行业,600599,0.466388962502,熊猫金控,0.508812533326,0.801041333819
490,0.916940732541,0.93696501239,酿酒行业,600600,0.930372461425,青岛啤酒,0.932379880554,0.358069659011
491,0.00165266452262,-0.129458573983,交通运输,600611,0.565512823009,大众交通,0.86146408781,0.848023786404
492,0.87336424922,0.909873486635,服装鞋类,600612,0.874123691772,老凤祥,0.931378857417,0.105850680493
493,-0.273518579381,-0.132988088416,房地产,600615,-0.315346517832,丰华股份,-0.291751237745,0.426586411397
494,0.423555237933,0.170171448222,酿酒行业,600616,0.429140461046,金枫酒业,0.268521116116,0.293593486251
495,-0.0869807778994,0.667020648107,机械行业,600619,0.185347974794,海立股份,0.235697243715,0.881157549264
496,-0.126386675316,-0.235671433541,综合行业,600620,0.177044772217,天宸股份,0.261832623204,0.567930007041
497,-0.432110508022,-0.502643156696,房地产,600621,-0.00760679281612,华鑫股份,0.0602537264023,0.808055434995
498,0.383217898529,0.683934955183,综合行业,600622,0.408617838818,嘉宝集团,0.640492785233,0.679046991501
499,0.726241287429,0.84639100578,汽车制造,600623,0.44642874142,华谊集团,0.795647213187,0.816058993159
500,0.253082765798,0.78354914897,纺织行业,600626,0.123630889548,申达股份,0.429409981556,0.869424605306
501,-0.0114822132222,0.346127993087,商业百货,600628,-0.306299702012,新世界,0.0114197285946,0.721091558198
502,0.316869861606,0.317151433014,纺织行业,600630,0.294517058938,龙头股份,0.293700096025,0.751777175997
503,0.576858603226,0.965690476254,传媒娱乐,600633,0.888418183188,浙数文化,0.964168425713,0.914431026765
504,0.787566471918,0.826801228792,化工行业,600636,0.547826148358,*ST爱富,0.379336527401,0.656575544919
505,0.185115848035,0.59904246109,传媒娱乐,600637,0.739288921734,东方明珠,0.77918841039,0.629600834139
506,-0.0235583325746,0.293115753045,开发区,600639,0.299854295857,浦东金桥,0.553698371987,0.861849932344
507,0.470410397019,0.719867083503,房地产,600641,0.834708450985,万业企业,0.76636995123,0.606198969404
508,0.503745393689,0.729442892479,生物制药,600645,0.690898386043,中源协和,0.767950476121,0.761132315486
509,-0.125261183191,-0.0959718905011,交通运输,600650,0.0422902201349,锦江投资,-0.0446899922277,0.826092408419
510,0.657175584402,0.825662286484,仪器仪表,600651,0.76877983055,飞乐音响,0.895038321509,0.843816975954
511,-0.799670996274,-0.595167617175,煤炭行业,600652,0.0603496765613,游久游戏,0.212712619597,0.857489900114
512,-0.103006083248,0.0917912972928,汽车制造,600653,0.39906047304,申华控股,0.400877168645,0.816128781808
513,-0.156923813543,0.849640514387,开发区,600658,0.835102743277,电子城,0.861904782479,0.779307370066
514,0.194298740732,0.826838677844,汽车制造,600660,0.215612364176,福耀玻璃,0.840434605525,0.492116056632
515,0.472870812643,0.624268485625,交通运输,600662,0.169044990018,强生控股,0.46065725446,0.947558088014
516,0.320923972088,0.236828080665,生物制药,600664,0.763680905619,哈药股份,0.709775445383,0.361832689897
517,-0.0503131106503,0.24613720022,房地产,600665,-0.207524926188,天地源,0.0358721383764,0.758520418987
518,-0.127488217027,0.56999787531,电力行业,600674,0.30747307608,川投能源,0.87397384863,0.859487755493
519,-0.136272687244,0.196624236256,房地产,600675,0.189428818967,中华企业,-0.27937673889,0.662538153578
520,0.0911144019549,0.324615271545,电子信息,600677,0.355173436907,航天通信,0.337802563428,0.812407102617
521,-0.546446180181,-0.551613556187, ,600679,0.597015597784, ,0.597687571324,0.603778177804
522,0.534539258702,0.929033075602,商业百货,600682,0.246137556241,南京新百,0.782633685384,0.668969863779
523,0.135686085151,0.651121647624,房地产,600683,0.154697722739,京投发展,0.61322475477,0.617413462634
524,0.493641697546,0.920460113556,房地产,600684,0.472843689188,珠江实业,0.696416316751,0.939663347549
525,0.0431669145114,0.748607518289,汽车制造,600686,0.108802313952,金龙汽车,0.061058841842,0.394015146025
526,0.601460093537,0.967280751718,综合行业,600687,0.548215329088,刚泰控股,0.937996804773,0.95691264303
527,-0.1299226949,-0.129924715111,纺织行业,600689,0.474117765777,上海三毛,0.474085820296,0.761261340129
528,0.520020449074,0.5710367095,商业百货,600694,0.0548524927769,大商股份,0.125703814565,0.452304694824
529,-0.430767811669,-0.43621836967,食品行业,600695,0.562868958074,绿庭投资,0.561098811931,0.736811033011
530,0.752425151347,0.800469721224,商业百货,600697,0.725309492305,欧亚集团,0.779577699602,0.619023616449
531,0.22762225707,0.593410948296,综合行业,600701,-0.119738723315,工大高新,0.0832967053206,0.718276279122
532,0.832170460824,0.837016689924,酿酒行业,600702,0.708923561112,沱牌舍得,0.694465198402,0.482721910969
533,-0.499150825365,-0.468438173697,电子器件,600707,0.206328753085,彩虹股份,0.124988666548,0.44741069801
534,0.243924536001,0.4108958725,机械行业,600710,0.470122308031,*ST常林,0.259250080607,0.516583573464
535,-0.428736569038,0.174715650848,房地产,600716,0.429057266453,凤凰股份,0.379835782199,0.699225261166
536,0.111381518176,0.570381145257,电子信息,600718,0.309392095522,东软集团,0.49342233626,0.710682067308
537,-0.0914328941097,0.591770948643,供水供气,600719,-0.460600609938,大连热电,-0.189488742158,0.831309652318
538,0.658663206284,0.629855632459,水泥行业,600720,0.775779756194,祁连山,0.694082807811,0.624314244226
539,0.586376804563,0.600154471543,商业百货,600729,0.636352033599,重庆百货,0.631194744007,0.230719631391
540,-0.458770200618,-0.496482717144,综合行业,600730,0.298742399163,中国高科,0.706224372663,0.932095306408
541,-0.0507544288156,-0.272593784799,房地产,600732,-0.204175930197,*ST新梅,-0.730129516189,0.69248012617
542,0.104424680167,0.256913818793,纺织行业,600735,0.232210852935,新华锦,0.345170379618,0.943765631672
543,0.474992346792,0.71292015646,开发区,600736,0.503051865631,苏州高新,0.636533700893,0.731581835496
544,0.485017496089,0.53223669875,商业百货,600738,0.381847895225,兰州民百,0.373035100334,0.79171791266
545,0.770696268521,0.8292471321,汽车制造,600742,0.89802657119,一汽富维,0.897940187531,0.470546194505
546,0.490843654681,0.487865054151,化工行业,600746,0.0402720901383,江苏索普,0.0396083627914,0.721059196823
547,-0.21708480285,-0.108495958428,电子器件,600747,0.17328312869,*ST大控,-0.00624575470704,0.525042866268
548,0.0129327000637,0.222036615768,房地产,600748,-0.165090082498,上实发展,0.0445515716859,0.527083689152
549,-0.408524390685,-0.219935209295,酒店旅游,600749,-0.46893350282,西藏旅游,-0.449127975945,0.821039911975
550,0.827726543957,0.847891375413,酒店旅游,600754,0.861920534879,锦江股份,0.934555870704,0.732292167534
551,-0.0353624929264,0.661460743416,物资外贸,600755,0.430583462486,厦门国贸,0.589545440827,0.813452733384
552,0.538565727833,0.559766686692,汽车制造,600760,-0.548540362557,中航黑豹,-0.586444797973,0.748736346389
553,-0.454834914366,-0.456830080323,电子信息,600764,-0.455087375923,中电广通,-0.457560926282,0.658770811356
554,-0.264895936223,-0.264911035181,房地产,600767,-0.482308983962,*ST运盛,-0.482293159325,0.907501714465
555,-0.0864009289066,-0.0108742517001,有色金属,600768,0.106537335104,宁波富邦,0.0367607061506,0.354404777686
556,0.281749976813,0.573413466658,综合行业,600770,0.673892317234,综艺股份,0.0884515501393,0.720321198894
557,0.664816899792,0.763496477095,商业百货,600774,0.0667977277123,汉商集团,0.143279112183,0.370868082851
558,0.631360382781,0.761905919992,电子信息,600775,0.0860110662923,南京熊猫,0.322029949439,0.875784087785
559,-0.482476473182,-0.419592471434,电子信息,600776,0.42138301257,东方通信,0.568437717129,0.777316389707
560,-0.634028345856,-0.551470016545,综合行业,600777,-0.191734861532,新潮能源,-0.459308346675,0.853288455192
561,0.78354307475,0.775987162958,酿酒行业,600779,0.626172988935,水井坊,0.5938493772,0.178360934373
562,0.181121751432,0.322422239996,电力行业,600780,0.296380294897,通宝能源,0.310999615141,0.634188394206
563,0.225376046754,0.652049272635,商业百货,600785,0.377907237854,新华百货,0.559652475425,0.374303948615
564,0.667356036968,0.756340420457,生物制药,600789,0.380910808683,鲁抗医药,0.407653202847,0.845889479041
565,0.639195187158,0.767198565477,交通运输,600794,0.794862863083,保税科技,0.196490473013,0.871644956519
566,0.613614955672,0.483787134472,电力行业,600795,0.430674132791,国电电力,0.359676303888,0.815786789663
567,0.177298785227,0.519384057798,农药化肥,600796,0.240583790691,钱江生化,0.146232084567,0.677112227062
568,-0.270955227711,0.0737393748751,电子信息,600797,0.528443947477,浙大网新,0.566342898497,0.740527063054
569,0.458601445925,0.605996543999,水泥行业,600802,-0.186676770599,福建水泥,-0.192311390649,0.771743418813
570,0.650031530424,0.678522868086,农药化肥,600803,0.519977551282,新奥股份,0.582307749796,0.455949878563
571,0.193031116726,0.89170421043,电子信息,600804,0.829083968667,鹏博士,0.941994735169,0.698019854763
572,0.303540862208,0.644808414355,综合行业,600805,0.696315911128,悦达投资,0.610220782035,0.655874226318
573,0.402462265658,0.656018982995,机械行业,600806,0.598250482875,*ST昆机,0.349739778688,0.481162734361
574,-0.120522983877,-0.0792913075006,钢铁行业,600808,0.286182716801,马钢股份,0.188864508675,0.267336362834
575,0.619938551296,0.522917654743,生物制药,600812,0.317580824597,华北制药,0.288525373745,0.37062324358
576,0.550986723177,0.664799403589,商业百货,600814,0.755300008403,杭州解百,0.729740444814,0.832291067616
577,0.540960525602,0.640186137592,机械行业,600815,0.187098944928,*ST厦工,0.0723532158086,0.578270574626
578,-0.540076856516,-0.457589859156, ,600818,0.454685109313, ,0.550039211555,0.73359971119
579,0.359255188618,0.430105631454,玻璃行业,600819,0.026788840463,耀皮玻璃,-0.0848485837531,0.240166629778
580,0.500914906008,0.744004844447,建筑建材,600820,0.39335855999,隧道股份,0.692563272048,0.866989290441
581,-0.0741523331394,0.436743836055,房地产,600823,0.00524901600907,世茂股份,0.430730207098,0.636263229044
582,-0.486566204466,0.697787543139,商业百货,600824,-0.367043434411,益民集团,0.630394443833,0.874711214713
583,0.0507584732475,-0.598866608392,传媒娱乐,600825,0.662054133912,新华传媒,0.421631825339,0.446823839602
584,-0.104270936901,0.514512500572,物资外贸,600826,0.698473293952,兰生股份,0.824598628854,0.764842793517
585,-0.0357702780763,0.762048683629,传媒娱乐,600831,-0.0978158366978,广电网络,0.727888672294,0.739329522633
586,0.378270302456,0.383200050891,交通运输,600834,-0.558301340236,申通地铁,-0.519279666375,0.900753973804
587,0.487495887192,0.633244498261,交通运输,600835,0.815383656375,上海机电,0.900065987004,0.677978546976
588,0.0263304905417,0.442510815343,家电行业,600839,-0.434433513517,四川长虹,-0.448211517232,0.830999978442
589,0.0456712247292,0.358325144242,纺织机械,600843,0.680161811506,上工申贝,0.714642247927,0.827089913706
590,0.370771801658,0.371231084463,化工行业,600844,0.251185177902,*ST丹科,-0.0103865094036,0.356403421238
591,0.13149439531,0.738181273083,综合行业,600846,0.568548023409,同济科技,0.847331877659,0.896703128834
592,0.636310534037,0.841692005671,电器行业,600847,-0.42623295678,*ST万里,-0.603748531361,0.764471947973
593,0.890076183941,0.865757939316,电子信息,600850,0.878180251098,华东电脑,0.87547180817,0.244065600315
594,0.171304269176,-0.591898395062,纺织行业,600851,0.38858330933,海欣股份,0.184316095199,0.49398136161
595,0.379049321952,0.43950053049,建筑建材,600853,0.365378565468,龙建股份,0.366606405507,0.859668721545
596,0.925742731591,0.901868362879,商业百货,600856,0.696554485693,中天能源,0.90226957286,0.570787383674
597,0.508087531525,0.463084337009,商业百货,600859,0.504931374017,王府井,0.483979703107,-0.00336663206614
598,0.568897828497,0.599977288125,商业百货,600861,0.651797188663,北京城乡,0.679112075484,0.695380159633
599,0.630513260179,0.482219398737,电力行业,600863,0.490154770164,内蒙华电,0.382920246123,0.7527881441
600,0.52908217465,0.628582823915,食品行业,600866,0.299745993261,星湖科技,0.234221508175,0.491197593398
601,0.763844625669,0.961786843736,生物制药,600867,0.751946403355,通化东宝,0.922821742932,0.495097927181
602,0.685453691899,0.795082156896,电力行业,600869,0.486609603255,智慧能源,0.713052445901,0.843169629874
603,-0.0109750131173,0.204654496663,石油行业,600871,0.418093049136,石化油服,0.0700055929203,0.435998656054
604,0.589966720612,0.668752532845,环保行业,600874,0.498097630848,创业环保,0.572963172351,0.831280794743
605,0.77488057417,0.594686299579,发电设备,600875,0.524700399649,东方电气,0.564165093873,0.139078782636
606,0.209551297783,0.639716373249,飞机制造,600879,0.393843381519,航天电子,0.627080940197,0.705621985065
607,-0.639345876203,-0.642491018986,水泥行业,600883,0.383522970849,博闻科技,0.377486499991,0.664711185797
608,0.60723930731,0.828774432252,服装鞋类,600884,0.654240852824,杉杉股份,0.733260677431,0.793074931459
609,-0.0718730542154,0.634631002429,电力行业,600886,0.0488557271544,国投电力,0.796640508516,0.911111211857
610,0.11706824238,0.962497284006,食品行业,600887,0.319157329259,伊利股份,0.944628899569,0.836318637742
611,-0.525218955593,0.106185843638,有色金属,600888,0.525448432559,新疆众和,0.417323766278,0.230928002818
612,0.121474833704,-0.0220351592343,房地产,600890,0.190306001779,中房股份,0.247904502099,0.654137011395
613,0.522705995773,0.574199969636,商业百货,600891,0.7480360373,秋林集团,0.727573416308,0.714295668085
614,0.778645773475,0.904737612298,飞机制造,600893,0.896372818308,航发动力,0.95072931145,0.820491405991
615,0.433250878585,0.477138316901,开发区,600895,0.698059841871,张江高科,0.674486705834,0.806923696879
616,-0.114729867043,0.328739025071,交通运输,600896,0.209500575368,览海投资,-0.0786936941721,0.675006093869
617,0.71628729079,0.773475737115,交通运输,600897,0.599595231944,厦门空港,0.657439805808,0.766913230273
618,-0.0914833383927,0.676109872419,电力行业,600900,0.0690886586356,长江电力,0.735181753476,0.395085448231
619,0.310758622736,0.459017705354,汽车制造,600960,0.528511810506,渤海活塞,0.493945103049,0.845988943206
620,0.806484998074,0.896209540997,生物制药,600976,0.764774695694,健民集团,0.799418368407,0.178921535152
621,0.0966338537849,0.346083449897,钢铁行业,600019,0.0858166855623,宝钢股份,-0.0880751859269,0.678881491657
622,-0.156850757361,0.297366609603,公路桥梁,600020,0.643860844408,中原高速,0.578412342011,0.843380824215
623,0.162799017345,0.352238260054,电力行业,600021,0.312665613787,上海电力,0.384882462036,0.876685649251
624,0.512722905737,0.477982920196,交通运输,600026,0.788804727552,中远海能,0.753309175102,0.0544200849668
625,0.0135179085292,0.101680909824,石油行业,600028,0.348937504865,中国石化,0.132023414822,0.338505889864
626,0.917627997299,0.92636300691,金融行业,600030,0.925509366315,中信证券,0.901555911176,0.76307790029
627,0.72796880493,0.940280729011,机械行业,600031,0.821463464152,三一重工,0.814952436189,0.398276590143
628,0.692837203183,0.210223681279,公路桥梁,600033,0.86855208686,福建高速,0.607050353089,0.72231750152
629,-0.0955419096761,0.575261378906,公路桥梁,600035,0.520363481424,楚天高速,0.764638206979,0.855795390646
630,0.0765571823012,0.641560923064,金融行业,600036,0.168123091951,招商银行,0.629378649918,0.444398279489
631,-0.496394722294,0.284762925743,传媒娱乐,600037,0.278526104448,歌华有线,0.559899472451,0.571922577935
632,0.0243758106026,0.126714410443,电子信息,600050,0.488686759828,中国联通,0.445382763026,0.606683446794
633,0.597989042996,0.635193005907,房地产,600052,0.236482789412,浙江广厦,0.172746668421,0.513276519566
634,0.23827201843,0.909103555769,家电行业,600060,0.677694459283,海信电器,0.827835720801,0.884337508492
635,0.520545926891,0.879310183604,酿酒行业,600199,0.803677155326,金种子酒,0.847662938426,0.437114756298
